,Airport,Ranking
0,ATL,43.257371585855616
1,ORD,26.663889907734983
2,PEK,26.100495394277697
3,CDG,25.382996877796632
4,LHR,25.24029497517667
5,FRA,24.425539017535375
6,LAX,23.89506067937635
7,DFW,22.772016330244817
8,AMS,22.405782793024215
9,JFK,22.343148367097566
10,PVG,20.095332987224722
11,SIN,19.767483732661823
12,BCN,19.14119327201637
13,IST,18.522661292456192
14,DEN,18.304575432169337
15,MUC,17.958182379940418
16,ICN,17.922459495061062
17,DXB,17.732408822918188
18,MIA,17.681262134967486
19,LGW,17.389758191968436
20,HKG,17.25691416419794
21,CAN,16.57788855237835
22,DME,16.440646338689916
23,FCO,16.405965795253657
24,MAD,16.26478029877126
25,BKK,16.034752292481446
26,YYZ,15.72063580249653
27,BRU,15.5948399485542
28,CTU,15.499567667556708
29,MAN,15.34173001764745
30,VIE,15.186938758701086
31,CLT,14.750693202409256
32,DUS,14.169123764071227
33,PHL,14.096673689847924
34,NRT,14.034673717929994
35,PMI,13.58301142070227
36,XIY,13.373845695165233
37,KMG,13.082454308058356
38,CKG,12.958386879611092
39,TPE,12.846635773108037
40,DEL,12.782667459228385
41,EWR,12.721680972362885
42,KUL,12.644520222022383
43,LAS,12.56925991634421
44,PHX,12.499195767913106
45,IAH,12.407575434734689
46,ZRH,12.394880158621419
47,SFO,12.224409630430088
48,HGH,12.035543139484918
49,MEX,11.807157457337995
50,MCO,11.6431625514534
51,AUH,11.529666980633511
52,CPH,11.398649138611393
53,SZX,11.299276022352952
54,XMN,11.14406611509561
55,DTW,11.060608409771103
56,ARN,11.030635261428491
57,LIS,10.97655978818255
58,BOM,10.914402011046807
59,MSP,10.674376933600096
60,DUB,10.540907687131002
61,BOS,10.50101923501916
62,TXL,10.460055100882768
63,ATH,10.439219500824365
64,SYD,10.323298126361857
65,ORY,10.3220993529675
66,SVO,10.210504285205584
67,AGP,10.176461373628532
68,SEA,10.050862565364154
69,SHA,9.92062791445039
70,MXP,9.717026456714192
71,DOH,9.629637424501425
72,IAD,9.620717313785775
73,GRU,9.56101862086391
74,DCA,9.488651657933865
75,MNL,9.427767512446874
76,FLL,9.375874995747337
77,LED,9.363090339842715
78,YUL,9.362027930069043
79,OSL,9.203503039157203
80,JED,9.190258310184843
81,CSX,9.102400320871904
82,WUH,9.018277325580755
83,PRG,8.992342397865476
84,TAO,8.96960839123146
85,STN,8.928875860483142
86,CGK,8.7682749789408
87,CGO,8.320680575035395
88,GVA,8.241440290795412
89,JNB,8.141156231606661
90,HEL,8.05999702422778
91,HAM,7.99246784230555
92,NKG,7.918413787598726
93,ALC,7.878335495879499
94,HND,7.870499737254085
95,TFS,7.857909665798432
96,YVR,7.7776648202974155
97,LGA,7.7485678816109385
98,CAI,7.701579508252763
99,BOG,7.6976299015780825
100,LPA,7.642613828818813
101,CUN,7.615408949255532
102,SAW,7.520856830083163
103,BWI,7.496708157646867
104,KIX,7.419347018176504
105,BNE,7.392268088545365
106,URC,7.372036051214592
107,TSN,7.106191385943703
108,RUH,7.092199302105741
109,LYS,7.038962536252135
110,SLC,7.013773019058739
111,DLC,6.99437937488407
112,STR,6.84929801686118
113,NCE,6.832378749702175
114,TLV,6.8118524305195365
115,TPA,6.789907820722783
116,CGN,6.7238945425936665
117,SHE,6.717514906325164
118,MEL,6.6892959265717735
119,MDW,6.6393621439286195
120,BHX,6.632850725456995
121,KWE,6.592732031131181
122,MRS,6.5874885335105136
123,NBO,6.553120920471088
124,TNA,6.448029510642606
125,FOC,6.419273641121839
126,CMN,6.410629724353659
127,HRB,6.400198702781092
128,AYT,6.239478819931517
129,VCE,6.209304541939965
130,AKL,6.141606475017913
131,WAW,6.080593225706656
132,EDI,6.052602931869468
133,MSY,5.918993556465235
134,KWI,5.903615381155246
135,SAN,5.876309472749721
136,PDX,5.843069173992465
137,CTA,5.746026043382525
138,MLA,5.744258369808273
139,HNL,5.738006378742509
140,ACE,5.731388994784856
141,OTP,5.722405516108543
142,LIM,5.687675148435383
143,YYC,5.6870670746902565
144,AMM,5.618499488103105
145,ADD,5.5381280016526375
146,NNG,5.53479436212076
147,LTN,5.456156824503548
148,SGN,5.4491259311461295
149,TYN,5.429170209181856
150,PTY,5.424579608904832
151,HER,5.39770998169756
152,STL,5.329332298748411
153,SYX,5.272246357714138
154,FAO,5.252142859641339
155,SHJ,5.195085812222129
156,MCT,5.188210782822363
157,KWL,5.1770214458952255
158,OPO,5.162692959266379
159,RIX,5.153047848693627
160,HAK,5.14888989073392
161,IBZ,5.13014398717217
162,SVX,5.127519233288553
163,BRS,5.124113005570266
164,KBP,5.0941521925979725
165,BUD,5.036237767687605
166,SJU,5.014997001712593
167,MAA,5.012046613389514
168,DPS,4.942554264906106
169,CMB,4.938336785203709
170,EMA,4.87373736901328
171,LCA,4.846113379733114
172,GLA,4.842543845876176
173,BSL,4.801654435769263
174,BLR,4.784629920413313
175,GIG,4.759640303243324
176,BSB,4.735571354159501
177,CCU,4.723425217252242
178,FUE,4.711623979981639
179,NTE,4.61321146186575
180,TUN,4.585143866940064
181,CCS,4.579247053513122
182,ALG,4.568146826040716
183,OVB,4.548708882636703
184,BLQ,4.53064902914135
185,GDL,4.526383444986906
186,VKO,4.484902878543968
187,CRL,4.471375011876782
188,PER,4.4624880408273295
189,SKG,4.425831451332334
190,HAN,4.369207433351771
191,RHO,4.346101562870601
192,BGY,4.320294136666922
193,BEG,4.30794319387086
194,BAH,4.298281589110882
195,HET,4.29624448685414
196,SXF,4.289200655678608
197,NGO,4.264966113485853
198,KHN,4.250602484312457
199,FUK,4.212090206678798
200,DMM,4.1950186733427275
201,TLS,4.167338125675228
202,NGB,4.166567349383848
203,VLC,4.146866229176883
204,AUS,4.138224428928178
205,RDU,4.115813600210618
206,TAS,4.108906868958356
207,CLE,4.099560890259838
208,BNA,4.09908065160175
209,LHW,4.097382926593367
210,NAY,4.084942330559566
211,LBA,4.075870608920001
212,NCL,4.068839040703167
213,SJW,4.036929568189237
214,CTS,4.033925167414285
215,NAP,3.985344440069374
216,PSA,3.9694584230844288
217,PUS,3.9589069907135928
218,WNZ,3.955948537784979
219,SCL,3.949271390438362
220,MFM,3.9432904134934805
221,HAJ,3.8696251659623404
222,MCI,3.8221959988918575
223,HFE,3.8048454664550104
224,CVG,3.7856443990022783
225,SJO,3.762114964793737
226,EZE,3.7522935346505335
227,DAC,3.747888570303286
228,ANC,3.6684131849939607
229,RAK,3.6560452862976933
230,PIT,3.6548434945040484
231,LUX,3.6336316732464025
232,YEG,3.608025923457971
233,MTY,3.5899766546688126
234,HOU,3.580639989899645
235,HYD,3.5742966083193655
236,EIN,3.543435844776677
237,PUJ,3.5396354464022144
238,DMK,3.5166920383807536
239,BGO,3.49749864868021
240,NAS,3.4902173336818056
241,AEP,3.466060412935685
242,ALA,3.460080088555157
243,ADB,3.459052231352075
244,BOD,3.444350625194724
245,IND,3.4159087130680716
246,BEY,3.374347809891656
247,SAT,3.365647684036973
248,SOF,3.34414806671086
249,LCY,3.3427595031531947
250,HKT,3.329958450762211
251,CGQ,3.304684347825226
252,KHH,3.279436048055682
253,GYD,3.2720566172479124
254,INC,3.271003993017434
255,KHI,3.2656652652043303
256,DKR,3.227780220254582
257,IKA,3.220595454504851
258,RSW,3.2189289677438118
259,CMH,3.218500704142723
260,SUB,3.200657210810848
261,THR,3.178059331815105
262,MHD,3.1668990959610728
263,PMO,3.159767641416711
264,BVA,3.155303895008584
265,BIO,3.155268726681092
266,LJG,3.147073418666923
267,SVQ,3.130455436793261
268,OKA,3.1176633079807723
269,DBV,3.093369652031276
270,MED,3.070132203462755
271,LOS,3.037804080710692
272,ISB,3.0287069447041435
273,LPL,3.0272209941540975
274,CJU,3.0152688522051907
275,SJC,3.012956574505634
276,VNO,3.0068339309599175
277,VCP,3.0028788842934295
278,LIN,3.002605961670279
279,KRK,2.9983234129008967
280,MKE,2.9783849972022107
281,ZUH,2.959708249361637
282,OAK,2.8985346260779368
283,DLM,2.8821093768025436
284,SXM,2.8702427477765213
285,COK,2.8583016353374395
286,SSA,2.8558463901806275
287,ESB,2.843685767514279
288,CNS,2.839288507527396
289,LHE,2.8151905453798967
290,MSQ,2.8000626368964934
291,UPG,2.779052510305497
292,POM,2.7589692970020963
293,YNT,2.758833755274518
294,DYU,2.729151838989761
295,CNF,2.721283970258068
296,GOT,2.717093717199992
297,MEM,2.7109361862457906
298,CFU,2.70848750097834
299,YHZ,2.693794920759692
300,SMF,2.672798496049636
301,TSE,2.6671898779470595
302,CIA,2.6622511469966152
303,SVG,2.6519204295481247
304,ACC,2.6421133369247483
305,BKI,2.63692317915235
306,FLR,2.6365492050876664
307,GDN,2.6320716115441654
308,BRE,2.624216462740612
309,FNC,2.622017348614882
310,SAL,2.621519622304344
311,ADL,2.616637372815664
312,OLB,2.610064348935925
313,GRO,2.609756993723978
314,BRI,2.590300624541278
315,BDL,2.579377840178033
316,SFB,2.5481747605617167
317,RGN,2.5265818148222037
318,HHN,2.4995469119295612
319,ABJ,2.489443245324555
320,SPU,2.481545693242484
321,BLL,2.4639619205670096
322,SJD,2.4630450224770337
323,XNN,2.4223798503301595
324,SDQ,2.4218962913704676
325,CEB,2.4189139349420814
326,CHQ,2.4019825479992885
327,KEF,2.3920333282393744
328,KJA,2.391235782235056
329,KGS,2.3844391404029066
330,NUE,2.3842404661309216
331,DLA,2.3791448851702137
332,CNX,2.3756468559026804
333,TIP,2.373341799758462
334,LAD,2.370923091343292
335,CGH,2.360224030603086
336,KRR,2.339294431652482
337,EVN,2.329674719371125
338,AUA,2.308520306967211
339,DWC,2.306885227811138
340,WUX,2.3030000179901764
341,KTM,2.2967407114248144
342,YOW,2.2887399407470865
343,DRW,2.26707813903842
344,BET,2.2518296899469328
345,JAX,2.248301388309148
346,FRU,2.243610904316456
347,CAG,2.2389577429200767
348,PVR,2.2293835134392914
349,NBE,2.226755988100111
350,MBJ,2.2227042541697313
351,YWG,2.1974562969210316
352,PBI,2.190211961979428
353,SNA,2.1880146790236945
354,CWB,2.1787200476027357
355,ZAG,2.1785128498395734
356,JJN,2.1632766428039756
357,TRD,2.1594658750870157
358,HAV,2.159329810271813
359,CHC,2.155307045406518
360,TRN,2.1458878463625632
361,PFO,2.143851626179231
362,ITM,2.1312174703181155
363,TIJ,2.1290715814557113
364,PPT,2.1128941450926493
365,OGG,2.1111182806871316
366,IKT,2.1092931124648273
367,POA,2.104541342838792
368,SDF,2.1027117777350517
369,MRU,2.0963295046623722
370,PEN,2.087985601495543
371,ABZ,2.0828635913656908
372,MLE,2.075461110935304
373,NAN,2.0727086077509975
374,CPT,2.0721480702593995
375,ABQ,2.0576261754200886
376,LIL,2.052087809466503
377,TRV,2.0405155472350778
378,KRT,2.0339408556361582
379,TSF,2.0278068404414555
380,NRN,2.026401045264025
381,OKC,2.0255737071088697
382,FAI,2.012263642584562
383,TSA,2.0037497040081442
384,SYZ,1.997782244973171
385,LEJ,1.9956101381718832
386,GUA,1.9925606021292335
387,AJA,1.991976671571496
388,UIO,1.98483054699672
389,HRG,1.9684724803870202
390,HBE,1.9661097312244977
391,RYG,1.9643754385760486
392,REP,1.9631164893083182
393,TLL,1.9526529160198327
394,JER,1.9504661088148576
395,SAH,1.9261752487746422
396,YKS,1.9207223902763821
397,COO,1.919751682419058
398,SSH,1.9136006163886266
399,TRF,1.9121488760408218
400,WLG,1.9065385424858152
401,VRN,1.9000542571145986
402,GMP,1.898879852428125
403,KHV,1.8960484233441555
404,SWA,1.8850157161658438
405,ORF,1.882371680702155
406,KGL,1.878182332248046
407,RIC,1.8748617521953033
408,CZX,1.848452628725174
409,MAH,1.8402292851900535
410,BIA,1.8261492138020288
411,MYR,1.8224686966490324
412,DJE,1.8192128761175497
413,DAL,1.808144862352348
414,SXB,1.8056911077184739
415,TBS,1.8055889531426843
416,POS,1.7987959068004826
417,GYE,1.797644636151562
418,TIA,1.7932864876040535
419,ORK,1.7875648331367961
420,LUN,1.7711839198165054
421,REC,1.7657477446810201
422,GUM,1.7621820518979445
423,BUF,1.761937105371101
424,BFS,1.7579787517362297
425,KIV,1.7565154752231493
426,RTM,1.7545863776189439
427,BHM,1.7437945571054596
428,OMA,1.7430261006832422
429,DTM,1.7418129849762094
430,WRO,1.74122381584839
431,SZG,1.740828590466936
432,AMD,1.7402922949959534
433,ORN,1.7376566846818755
434,BPN,1.7350203361013634
435,CHS,1.7333852242747916
436,AZA,1.7253232506281377
437,ANU,1.7240899596872064
438,SCQ,1.707527297971175
439,FOR,1.693286830253882
440,PNQ,1.69017493882594
441,SOU,1.687752434794543
442,DAD,1.6841187041522616
443,LJU,1.6791006485311244
444,DAR,1.6758462979578455
445,LBD,1.6726520159847231
446,TFN,1.6717774243095245
447,NYO,1.6548963627920765
448,CGB,1.6535415956411696
449,EBB,1.6531391125956056
450,PIE,1.6527735760269828
451,AHO,1.6456049446401286
452,STT,1.615634789227257
453,BJV,1.613675637417338
454,OUA,1.6126494626525092
455,CUR,1.5959770283859744
456,PLS,1.5876572749605733
457,OME,1.587540519186575
458,PNH,1.5861460347368537
459,DAY,1.5843236507535479
460,GAU,1.5807133688258348
461,ABV,1.574485726534178
462,HRE,1.5668606675434729
463,CWL,1.559514923180066
464,RMQ,1.557172254135191
465,SDJ,1.5567797029648662
466,EBL,1.5549386365829758
467,VLI,1.5433166861159007
468,TUS,1.5419785143765252
469,TYS,1.5354800440593117
470,OTZ,1.5352978463617764
471,YZF,1.530371457830807
472,SNN,1.5293631622377386
473,SDU,1.5253292618297534
474,PEW,1.5157050457009873
475,ROC,1.5146208607551674
476,YQB,1.505970570394713
477,CCJ,1.5029316877910335
478,YCU,1.5016056281966461
479,BAV,1.4886388850876255
480,LXA,1.4873878405578564
481,OOL,1.4794815282432798
482,TPS,1.478441044496346
483,KTW,1.4769168849534384
484,ALB,1.4713173466965772
485,GSP,1.4682398410542437
486,ROV,1.4606704474223902
487,MAO,1.4598753465643788
488,BEL,1.4563978402026714
489,RNO,1.4519431610414781
490,TOS,1.4502815453024385
491,KIN,1.4498026795185164
492,OSS,1.4458535406483919
493,BZE,1.444796859729903
494,KZN,1.4420304983598007
495,SZB,1.4408546616632465
496,LIT,1.437410270239827
497,GRR,1.4368122717355816
498,AGA,1.4301695385794817
499,FIH,1.4252919652004106
500,PTP,1.4240714401132601
501,JOG,1.4171241901512766
502,PVD,1.4153209281529884
503,DSM,1.4116774004020947
504,GOI,1.4095085601228772
505,TUL,1.4021284643879477
506,BTH,1.3894657880298906
507,GCM,1.3867736269873423
508,TNR,1.386064891848278
509,WMI,1.385331032215144
510,KUF,1.3851700883545437
511,TXN,1.3683614089543719
512,HIR,1.3665382668327004
513,ZAD,1.3645942315637596
514,KTN,1.3584055572512217
515,CLO,1.3566015401095455
516,BKO,1.3500653066872368
517,LPB,1.3452896196816417
518,DSN,1.338512639573496
519,YRT,1.336527069870345
520,AER,1.335077805844973
521,MDE,1.3289245216316568
522,BMA,1.3249497438907734
523,VVO,1.3212735999453789
524,ONT,1.3198097919866396
525,KCH,1.3141338260594937
526,SYR,1.3132081260211386
527,VTE,1.3031981888342163
528,SUF,1.3023832386095702
529,PSP,1.2961181952825451
530,GSO,1.2921676146591297
531,PDL,1.2914209029337955
532,JNU,1.287975375172584
533,SKP,1.27765645691991
534,KBL,1.2765246503191454
535,BZV,1.2749024954357806
536,MYY,1.2665962177183834
537,VVI,1.2551846303169887
538,MPL,1.2551380826220406
539,BEN,1.245824522336254
540,EXT,1.2358531308930985
541,YIH,1.234404812433203
542,LBV,1.2238434029220382
543,BGI,1.2224994922964088
544,FMM,1.2132348078118709
545,TJM,1.2078054470048418
546,XNA,1.2070144120306467
547,PAP,1.2041508990522254
548,UFA,1.2039571086143424
549,AWZ,1.2026288468781545
550,SAP,1.172777963477761
551,BWN,1.1683727127163877
552,HMO,1.159572715909933
553,JHG,1.1580018565672594
554,DRS,1.1562142568896434
555,IEV,1.1548826208381884
556,MVD,1.1521916921463737
557,SAV,1.1519254087056467
558,HPN,1.150274538526648
559,YYT,1.1488656983706935
560,ELP,1.1452161861381318
561,BDS,1.1441464536240282
562,WIL,1.1438859114297268
563,YZV,1.138534939634914
564,MRV,1.133623965466358
565,PIK,1.1280168056032163
566,FDF,1.1115546905462024
567,GSE,1.105831348257328
568,MIG,1.1057897866446762
569,SCO,1.104127443729248
570,XUZ,1.0991019652046794
571,POZ,1.0990192603351943
572,CLJ,1.098619348445185
573,PRN,1.0947247142640615
574,CAK,1.0931784227271577
575,LIR,1.0899881898155224
576,GYN,1.0885099905027726
577,ADE,1.0839523708332954
578,BHD,1.0837838584251487
579,FNA,1.0813721718119491
580,XRY,1.0712256487931537
581,DYG,1.0707539446803644
582,DUR,1.0704461253151876
583,AAL,1.0682653380637201
584,FLN,1.0681862331998806
585,BOI,1.0680333981510317
586,BHY,1.0676696016254437
587,GEA,1.0668678361463158
588,KOA,1.0664128245317164
589,JRO,1.064719130149391
590,LIH,1.0641545226574256
591,LFW,1.0615989965899675
592,RUN,1.055579746488526
593,FKB,1.0551735470465848
594,MDC,1.0537558309484283
595,NSI,1.0491678291548383
596,GOA,1.0476856739779004
597,PNS,1.0388553981319548
598,MJV,1.038185257255444
599,BTS,1.0336248788475724
600,BDO,1.0295729000041023
601,IFN,1.0289236945262195
602,REU,1.0286463705220048
603,CEK,1.0245914872496231
604,MHT,1.0244348851468552
605,KUN,1.017728720856766
606,FAT,1.0164489874212108
607,ULN,1.0134671386924596
608,LEX,1.0100235823247414
609,ICT,1.0087547264753653
610,BOH,1.004779937713841
611,ZHA,0.9979396131128861
612,CLY,0.9974932338734578
613,SDR,0.9971864491262638
614,YFB,0.9868652185730096
615,WDH,0.9843903466295101
616,PMV,0.9825994484170956
617,RAO,0.9715820745257275
618,BND,0.971243614495831
619,LYI,0.9680942699573191
620,YIW,0.9665501912182318
621,MDT,0.9653156727384729
622,ODS,0.9642736358278392
623,TNG,0.9635848092904297
624,JIB,0.9615187843034525
625,GRZ,0.9530473694940274
626,YTY,0.9528995117277325
627,RAI,0.9491015481770485
628,BUR,0.94182140800079
629,KOJ,0.9413382594076479
630,FEZ,0.9381692670075822
631,GCI,0.937649814928789
632,LGB,0.9364327455510282
633,GOJ,0.9361398890308232
634,PWM,0.9357835682109835
635,DJJ,0.9326411282343661
636,JHB,0.9302768352215066
637,LEI,0.9285849950457694
638,UVF,0.9281144946098666
639,NTG,0.9142937598465025
640,ASU,0.9125720912653504
641,NDR,0.9107034149039599
642,USM,0.9101115337927015
643,CID,0.9054719720731341
644,TGU,0.9047625137485031
645,MPM,0.9037991167922126
646,LWO,0.903323096806097
647,PGD,0.9017454883123148
648,JUV,0.9003292650415777
649,OMS,0.898514762724273
650,YNZ,0.896771134540246
651,LKO,0.8945972859270215
652,HLD,0.8936626328496798
653,PNR,0.889324895395874
654,UUS,0.8882872352681512
655,HSV,0.8875984042362325
656,NGS,0.8871862598640462
657,KLO,0.887137757825594
658,TSV,0.8856315025710233
659,VTZ,0.8823416431479288
660,JAN,0.8822107291811895
661,ZTH,0.8790299132179525
662,PKU,0.8744661693206076
663,BOO,0.8739712773982861
664,YXL,0.8735586552079679
665,DOM,0.8720965882062074
666,BES,0.8692862068544495
667,CKY,0.8670651549419018
668,ADA,0.8669571849820642
669,LYG,0.8665797279759566
670,MSN,0.8663621859124225
671,KMQ,0.8628788528624364
672,HIJ,0.8625994345213738
673,YQR,0.8618219739844969
674,CAE,0.856100708969066
675,SID,0.8550904160930437
676,KIH,0.8550324313957582
677,CGR,0.8545951167159969
678,JAI,0.8527801112285852
679,CUU,0.8512458369125522
680,OVD,0.8499656419812903
681,SRG,0.849929726012308
682,EYW,0.8496416232001521
683,YYR,0.8466172602886252
684,NIM,0.8436882518317239
685,CIH,0.8429932143503593
686,SJJ,0.838473690057626
687,ANI,0.8363930101463661
688,CJB,0.8336512710560214
689,BVC,0.8276437217942136
690,TGD,0.8276054721937893
691,CZL,0.8275233048599038
692,KIJ,0.8273412474085783
693,MMX,0.8256129516586412
694,ZYI,0.8252671982288576
695,LOP,0.8239440773612454
696,NUX,0.8221350507149838
697,MIR,0.8148870357794616
698,LGK,0.8148710624218939
699,CGP,0.8146044218292561
700,JTR,0.8103128594371523
701,ISP,0.8077916973176911
702,CZM,0.8058807945116567
703,JDZ,0.8044681911159435
704,FWA,0.8040771698849953
705,NOC,0.7990825315835928
706,VER,0.7984031369124894
707,YWK,0.7974702810336943
708,MDL,0.7949744424100835
709,IXE,0.7915677069426953
710,NAT,0.7913073146848046
711,VIX,0.7883427053034799
712,CHA,0.7882254831903799
713,ASB,0.7853846644761736
714,YLW,0.7840001675169864
715,GEG,0.7828502026908111
716,FPO,0.7821561687625687
717,PUY,0.781640957805091
718,KBV,0.781470032574411
719,CIF,0.780867043772797
720,DOK,0.7795598782017917
721,IDR,0.7794958375221561
722,CUL,0.7791756782536763
723,BJX,0.7780873713788348
724,LZH,0.7780781799358097
725,WUS,0.7780310162541849
726,YXE,0.7737561310977407
727,IXB,0.7711771592891982
728,MGQ,0.7707689265726928
729,DZA,0.7674008620583138
730,ROB,0.7669306822636168
731,MLI,0.7664977404802128
732,TTN,0.7650076668995356
733,PIA,0.764687729914897
734,MZT,0.7642520289278908
735,JZH,0.7642204077214905
736,GND,0.7633708240719858
737,KGD,0.7630482075989579
738,TBZ,0.7626239879522602
739,BDA,0.7577992312227183
740,CRW,0.7575658077651982
741,UDI,0.7574398792129299
742,BGW,0.7561129058298923
743,ROA,0.755090551816643
744,YTZ,0.7550473481924583
745,SEN,0.7496449500285326
746,MID,0.747298459210937
747,NAG,0.7465398247880141
748,AHB,0.7452098337374068
749,COS,0.7428700477931133
750,TLH,0.742307990932236
751,BIQ,0.7390656740896157
752,SGC,0.7386648594026085
753,YQT,0.7374770380190524
754,TLC,0.7356403610026608
755,SXR,0.7345852115869874
756,UNK,0.7277600540532095
757,NSK,0.725827723277916
758,FAR,0.7248681577738102
759,BTV,0.7243728354651726
760,NJC,0.7235412382860674
761,ECN,0.7218663250670211
762,NOU,0.7150330979004074
763,COR,0.7150096206412941
764,DNK,0.7146609923362606
765,UMD,0.7145309354585316
766,MGA,0.7129582355928878
767,MAR,0.7108433376858514
768,LZO,0.7104249287503165
769,SGF,0.7103192824824395
770,RAR,0.7102078682489329
771,SLZ,0.7094878846657159
772,UET,0.709388878951056
773,DVO,0.7081040790929917
774,KBR,0.7066074409916238
775,ISG,0.7063250643390543
776,ELQ,0.7029035769729159
777,BDJ,0.7018057204717232
778,FSC,0.7017752974973726
779,HYN,0.7001514369261224
780,AMQ,0.6987629880262386
781,KOW,0.6986496897778242
782,SSG,0.6983146454464524
783,ISA,0.6935497897132556
784,YNJ,0.6934122295754896
785,FDH,0.692978863366473
786,POP,0.6900772415186353
787,MHH,0.6894975008657395
788,XFN,0.6892600433490483
789,TSR,0.6868047340029988
790,PLU,0.6857805632998355
791,JMK,0.6831560518319468
792,EUG,0.6823939508008845
793,GOH,0.6798970049342195
794,HIA,0.6770392851439254
795,DUT,0.6769888665871612
796,LLW,0.6768770318000062
797,HGU,0.6764286465044821
798,TGO,0.6761561098058776
799,TER,0.6756755136019448
800,RAB,0.6730742977348247
801,TIF,0.6729868941695206
802,FSD,0.6723879421734329
803,OKJ,0.6700237006079429
804,ASP,0.6696390183200005
805,MUX,0.6692589171930665
806,SEZ,0.669038385587092
807,AES,0.6688196688148698
808,YMM,0.6688056432256855
809,ABE,0.6669558204735178
810,CRK,0.6661667015663086
811,RTB,0.6645824407453457
812,YYJ,0.6644182128808066
813,RNS,0.6627613912860382
814,HSN,0.6615853789318811
815,VSA,0.6588331482046695
816,AJU,0.6547981278825417
817,BRN,0.6535501832099231
818,BIL,0.6524913173965633
819,CBR,0.6517495701002118
820,BJM,0.6515682318076178
821,PLM,0.6514182953786308
822,LPQ,0.6496071607631001
823,BJL,0.6438722010955702
824,MCZ,0.6433814506501977
825,SRQ,0.6429197629758769
826,CHO,0.6407843370797424
827,SON,0.6399668319860686
828,ZNZ,0.6387240139672554
829,BOJ,0.637007620897816
830,MLH,0.6349496400055521
831,LAE,0.6322920553920157
832,ILM,0.6306745679581081
833,MBA,0.6291273841436406
834,MYJ,0.6289570157693242
835,WXN,0.6285215649605488
836,SKT,0.6279962418304538
837,PAT,0.6266725659890271
838,NMA,0.6242894795718905
839,UKB,0.6235244255900007
840,TMP,0.6232892193963744
841,HAU,0.6217779354366111
842,FNT,0.6217444971565663
843,BME,0.619978729331318
844,KHG,0.6196986286633784
845,JUB,0.6168498074778246
846,BMI,0.6163427557226266
847,UYN,0.615982129703527
848,MRA,0.6124263092431236
849,CTG,0.6104642164965356
850,AVL,0.6093904734694074
851,LDB,0.6065578140868653
852,SFJ,0.6064511761934398
853,IGU,0.6034556789307882
854,MDZ,0.6020019128956794
855,IAS,0.6005383414844235
856,FUG,0.6003047032383001
857,FMO,0.5945165410666101
858,CJS,0.5939686419987216
859,NZH,0.5933073821246527
860,LCG,0.592720034063324
861,PVK,0.5908521231926046
862,IXJ,0.5888432000109681
863,UUD,0.5881952689331623
864,GNV,0.5878366823565476
865,RZE,0.5863106117920988
866,VRA,0.5844069466076464
867,CBB,0.5843237169097237
868,CIT,0.5838337536935932
869,TRS,0.583672621764934
870,IOM,0.582960191483494
871,LIG,0.582391747334328
872,HTA,0.577500323215258
873,FYU,0.5760569234657616
874,SBN,0.5739862501197909
875,EIS,0.5735745007521956
876,EGO,0.5727040172028774
877,EOH,0.5719946998893642
878,DAT,0.5717343536438817
879,RBA,0.5713525356168961
880,STI,0.570573577227029
881,KMI,0.5702860647485403
882,ANF,0.5700237897308331
883,KOI,0.5684912432993354
884,NKC,0.5680385464226397
885,EGC,0.5680200949150447
886,PAD,0.5671614075335157
887,ZQN,0.5595566792384983
888,KRS,0.5587473405421296
889,LNZ,0.5576480092735508
890,ADZ,0.555878212019786
891,ZAH,0.5552198638099949
892,BLA,0.553416717871183
893,TIV,0.5534127990236943
894,SUV,0.5506650232687343
895,PZO,0.5506010373741911
896,JNG,0.5503486973225583
897,YVP,0.5478664828689349
898,SKB,0.5474671790719602
899,SPN,0.5472329154227134
900,BLI,0.5456253001161548
901,VOG,0.5445055136434656
902,THE,0.542445410144304
903,JPA,0.5418254475529048
904,VPS,0.540148868823575
905,AOI,0.5374778519295855
906,ACY,0.5365507941464338
907,VGO,0.536461933715573
908,SPR,0.5356701251869725
909,KOE,0.5342308900466389
910,CCF,0.5330932305547863
911,NDJ,0.5326058227325097
912,YQM,0.5315691638374652
913,NJF,0.5290788902437282
914,MJT,0.5285596827991812
915,MGF,0.5278551714066265
916,OUD,0.5277703548342269
917,CEI,0.5273264357700578
918,FBM,0.5272992733975658
919,YBP,0.526883089930495
920,ISU,0.5267786828364711
921,INV,0.5259421188297037
922,ILO,0.5251521478359541
923,FSZ,0.5242513429256432
924,JMU,0.523039958730307
925,YNB,0.5226452511278387
926,CUZ,0.52235716555135
927,TZX,0.5218258888830336
928,LRH,0.5217808481981047
929,NLA,0.5217800998368424
930,LRM,0.5202162679584397
931,YXS,0.5184642001511199
932,HMI,0.5172521562686921
933,MRY,0.5167771222651105
934,GUW,0.5165129397821279
935,MDG,0.5164465077531245
936,MLM,0.5160458666044376
937,NWI,0.5154769997118337
938,LXR,0.5149383805681848
939,KLX,0.5143913969890679
940,SLU,0.5138554755790437
941,HKD,0.5131819905534383
942,PBM,0.5081417042491556
943,AVP,0.5077621273301645
944,VLN,0.5074803417532514
945,RAS,0.5072848239736034
946,HTY,0.5072562516558555
947,RPR,0.5068773582585193
948,IXZ,0.5058048641972868
949,TRC,0.5051819896812785
950,RIY,0.5046054549583784
951,KRL,0.5045226120383745
952,LAP,0.5040454283141778
953,LYA,0.5040277057404442
954,BPS,0.5026305809794216
955,ALF,0.49988965740965524
956,JJU,0.4998794240350634
957,TDD,0.4992932736180514
958,SBH,0.4986689323411184
959,BAQ,0.49813429970791134
960,SFA,0.49764123675003624
961,VNS,0.49724366040542334
962,GBE,0.49699698083502336
963,HAH,0.49620672197313503
964,IQQ,0.49408841090882405
965,TUU,0.4937500974409808
966,BBO,0.49356823309001036
967,STM,0.4932796315307756
968,MST,0.4900611024424229
969,JGS,0.4861080902054349
970,IXR,0.48576485153676413
971,BLK,0.4850151662829712
972,SMI,0.48336430500896227
973,HGA,0.4827766236537938
974,PLJ,0.482740849601722
975,VAR,0.4823885756550109
976,YYQ,0.4817951575983665
977,YEV,0.4805658745977506
978,MFR,0.4794453301617004
979,AGM,0.47893988412283406
980,MAG,0.4769148949519929
981,PSR,0.4767519686271565
982,BZR,0.4764616529046259
983,GAL,0.4752755352212066
984,AKN,0.47423800761907814
985,HRK,0.474177903991604
986,AGU,0.47352628123472074
987,EVE,0.47304689828922974
988,APL,0.4724760125463136
989,ATW,0.4706824138045282
990,DSA,0.47008088975722434
991,TOY,0.4699183530975578
992,KMJ,0.46820729104897424
993,AAE,0.4673611382779421
994,WJR,0.4668107667068205
995,IOS,0.4667441571065947
996,SCW,0.46665501930559805
997,IMF,0.4663744097753968
998,ROR,0.46481306799787814
999,AQP,0.4644666812881548
1000,ATQ,0.4639111549188721
1001,OIT,0.46363042507228386
1002,ZIH,0.46191023192883895
1003,GZT,0.46163557923242754
1004,MAF,0.4608244098780038
1005,SBW,0.46037149740604294
1006,LBB,0.4599824672372032
1007,GRX,0.45985182829360793
1008,CFE,0.4595953460185636
1009,ARH,0.4588678181852503
1010,ACA,0.45825851868537776
1011,DAX,0.45665227603797715
1012,MOB,0.45512055521723205
1013,YTH,0.4549752505804435
1014,PHF,0.4541662801689924
1015,CGD,0.45366453500375803
1016,NEV,0.4534114121383522
1017,CJJ,0.4513800413528852
1018,PMC,0.44953408891566127
1019,YYY,0.44914640703037395
1020,HMB,0.4486021438477071
1021,HOG,0.4484471437338777
1022,STX,0.44793383335940956
1023,AMA,0.4475195456045387
1024,PPS,0.4466333557345784
1025,SCN,0.4453931990939053
1026,FMN,0.44518490679902656
1027,NNY,0.4449672418914351
1028,EVV,0.4435925819542918
1029,HFT,0.4429281474606292
1030,SCC,0.442477010216673
1031,TRZ,0.44243080095780735
1032,GPT,0.4423903565355231
1033,BFJ,0.44157598882864924
1034,TJA,0.44017884682026376
1035,SOQ,0.43992049713590725
1036,PLZ,0.43889688592662224
1037,PSC,0.43796693875646553
1038,HMA,0.436607232209284
1039,KWN,0.43629125905483845
1040,SLY,0.43617471481498205
1041,HBA,0.43560924454989564
1042,MAB,0.4350160964148584
1043,IXC,0.43407189183985323
1044,AAR,0.43350182362948964
1045,SNU,0.43318554163802286
1046,PVH,0.4328746546038856
1047,SBA,0.4328110520093593
1048,YDF,0.4324307709834774
1049,ZAZ,0.4288147696995114
1050,CRD,0.4279022178392949
1051,SPC,0.4275592433548979
1052,TAK,0.42747241673356
1053,BZN,0.4273772337969375
1054,RDM,0.42692962365468273
1055,JAV,0.42627959837783347
1056,BON,0.4262121180031436
1057,BSR,0.42599555581121645
1058,GEO,0.42571465606591885
1059,RAP,0.42518816107935264
1060,NYM,0.4247872074973595
1061,CIY,0.424549882270569
1062,YGJ,0.4244297419455654
1063,PHE,0.4234012703085227
1064,BBI,0.42163133774427686
1065,GWT,0.42136795102379104
1066,ASF,0.4212053868142456
1067,YRL,0.42102249189162605
1068,YEK,0.42043978070145627
1069,TKU,0.42001348957199575
1070,GJT,0.4199956999444434
1071,BRW,0.4195153662682816
1072,GGT,0.41948439371919727
1073,LGG,0.41943124751492494
1074,KUT,0.41914052659444007
1075,MJZ,0.4186411345140628
1076,SJP,0.4173213096353291
1077,LST,0.41702272833405246
1078,LAN,0.4170021198779017
1079,POL,0.41601277201476217
1080,HEH,0.41561520528419776
1081,INN,0.41554610993334573
1082,UGC,0.4154769071363187
1083,AXT,0.4149291731645682
1084,UKK,0.4149052224515026
1085,YGW,0.4148882038120689
1086,NTL,0.4144617197434882
1087,RKV,0.4128516574209401
1088,VVC,0.41253793279153983
1089,SLP,0.41215410500569893
1090,SHV,0.4120190228844728
1091,VOZ,0.41200979437732765
1092,BGR,0.4113923225736683
1093,UME,0.41054153643007446
1094,ASR,0.4104123087313448
1095,QSF,0.41036752346610933
1096,CCC,0.4087649695923149
1097,GSM,0.40798000282527824
1098,NDG,0.405800303344848
1099,REX,0.4054982402915136
1100,MCG,0.40495538683239146
1101,WUA,0.40469752584958174
1102,TGZ,0.4042601835989317
1103,TZA,0.40424094889964607
1104,KSU,0.40280123021339403
1105,GYS,0.4023197015512283
1106,ELH,0.40199415105147285
1107,ERS,0.40095344132432426
1108,BTR,0.3994353347687621
1109,SOC,0.39845196201382765
1110,LIF,0.39815504585087735
1111,AQG,0.39727206954576616
1112,GRB,0.39656818042016134
1113,VBY,0.3964177128258308
1114,FAY,0.3961085787563247
1115,PIR,0.3956535586326075
1116,HRL,0.39379459327300625
1117,WEF,0.39334801799050745
1118,IXA,0.39320054110771274
1119,GZO,0.3931015191767691
1120,KUS,0.39214380549164674
1121,MKW,0.39093307131855143
1122,TTE,0.3896536337573853
1123,KNX,0.38847350660088964
1124,PHC,0.3853650432601457
1125,JIQ,0.3834038902362027
1126,REN,0.3833814358654816
1127,VFA,0.3828511633393213
1128,MSO,0.38229430159481337
1129,LSC,0.3811197417121053
1130,IXM,0.38092038621497354
1131,NBC,0.3806442706276453
1132,PKN,0.38017111658855474
1133,YVO,0.3797868894290435
1134,BRC,0.3794438545263384
1135,AOK,0.37872068870031056
1136,VXO,0.3786969601080886
1137,RGI,0.3784185799359733
1138,EFL,0.378359727538854
1139,RJK,0.3782631596251376
1140,KAN,0.37787060899940356
1141,BFI,0.3777166701688956
1142,CEE,0.37587013480720877
1143,MUB,0.37479234305147974
1144,ASM,0.37350590102388775
1145,JUH,0.3732675081388606
1146,MOL,0.37174288407310657
1147,BHO,0.3716889161087069
1148,VXE,0.3706728048562093
1149,BEW,0.3702897406317796
1150,TET,0.37027272105117676
1151,SZZ,0.37008653382843143
1152,ROS,0.36970085529583585
1153,CJC,0.3692514354390323
1154,MKY,0.3692320810534428
1155,LRE,0.3691136805828478
1156,GTF,0.3689028785335998
1157,PBC,0.36876806489238156
1158,KGF,0.3687440626747043
1159,KTA,0.3685326749857098
1160,FEG,0.3678086876242098
1161,GRQ,0.36626948416060284
1162,DIG,0.3656165105175094
1163,SLL,0.3648853120080709
1164,TRK,0.36456097074925725
1165,DGA,0.36421635463421065
1166,TAI,0.36407638975020346
1167,MMK,0.3634490076652546
1168,ZCL,0.36315847973740956
1169,PIS,0.362263286663444
1170,VII,0.36225434766048786
1171,SKK,0.36170816236474035
1172,BTU,0.36168996196755043
1173,TWU,0.36163361021843277
1174,SKD,0.36130155547188586
1175,TAM,0.36115037454453053
1176,JGN,0.36114119101623604
1177,PBG,0.3608979803488848
1178,SHP,0.3607418866408947
1179,DNH,0.35998024990015143
1180,YBK,0.359973853441051
1181,BHK,0.3597768511725481
1182,DIY,0.35976154329185034
1183,SIP,0.359435804072944
1184,WWK,0.359342180949163
1185,QRO,0.35929682424748544
1186,NVT,0.35892164982889374
1187,TGG,0.3589209814402807
1188,LVI,0.3589111747413594
1189,NQN,0.3584477501819888
1190,OXB,0.35809803831215054
1191,ECP,0.35809048729203447
1192,HLH,0.3578432613612629
1193,DUD,0.357057331281665
1194,HTI,0.3569092551072302
1195,DLU,0.35682180835202726
1196,CGY,0.3567488988638603
1197,LCE,0.3560180565005912
1198,YKQ,0.3555614101265277
1199,YQQ,0.3544500909018597
1200,AKX,0.3543317597565417
1201,CXR,0.35348836015463514
1202,BMV,0.35298389883593856
1203,ZLO,0.3529067781850125
1204,WAA,0.35207456813617505
1205,TRI,0.35171725705686724
1206,KLU,0.35159307853241517
1207,IQT,0.3515580001803921
1208,IXS,0.3510182276049632
1209,KSM,0.3487552704847042
1210,YXN,0.3486453411321732
1211,RBY,0.3483963326060564
1212,HOR,0.34823668159805427
1213,YCB,0.3481598187679165
1214,XIL,0.3475493000347815
1215,APW,0.34703501358528716
1216,UAK,0.3465220913327988
1217,MGM,0.34627122823068596
1218,AKJ,0.3460658676528346
1219,AZD,0.34600050970687846
1220,WBB,0.34549262242325307
1221,OAJ,0.34436192246434044
1222,AGS,0.34436192246434044
1223,PLW,0.3434761727286077
1224,PGK,0.3429620822212663
1225,CAY,0.3424582262480524
1226,PDG,0.34134755453519894
1227,HDG,0.3398867382415015
1228,ZGS,0.3392160562303026
1229,SRE,0.3389058603820092
1230,PMW,0.33845019658348346
1231,NAO,0.3384219145305833
1232,DOY,0.33657187854086074
1233,YVQ,0.3365689691296279
1234,YQD,0.33212249526955695
1235,UDR,0.33146795220528086
1236,YCS,0.3312813152530321
1237,PMR,0.33083353021227785
1238,GIZ,0.3307098896848658
1239,TAL,0.32956613342701496
1240,YNA,0.32925285757237877
1241,PNP,0.32892006751853153
1242,NKM,0.3279820180309544
1243,PAC,0.3279682014905472
1244,ACX,0.32774383587394984
1245,BFL,0.32762052892928756
1246,GZP,0.32727592732991123
1247,ILG,0.32712427711960823
1248,HDY,0.32661127919014205
1249,SLA,0.3263058258050255
1250,LRR,0.32512195395052446
1251,CDB,0.3245948319370984
1252,ACK,0.3239983561710083
1253,MWX,0.32395814368348047
1254,ERF,0.3239288056453446
1255,IMP,0.3238878828311062
1256,JKH,0.3233812838888212
1257,SRZ,0.3232208602569561
1258,TVS,0.3231000885829029
1259,HME,0.32295770337348484
1260,YBC,0.3219215903911473
1261,ZBR,0.32182677164206114
1262,CGA,0.32103003556194415
1263,ZQW,0.32031856727124447
1264,YXU,0.3200140755886534
1265,MUR,0.3199099854950579
1266,BVE,0.3198912912501432
1267,USH,0.31940516430524163
1268,YZS,0.31921501070679964
1269,DIB,0.31825732560024866
1270,KVA,0.3181222124083111
1271,JKL,0.31785820774114604
1272,LUZ,0.317781780952395
1273,JIC,0.317334939023913
1274,TAE,0.3172313611296675
1275,MFE,0.3171558799740763
1276,HKN,0.3169414181059025
1277,SWF,0.31691364883259343
1278,BUS,0.3165011959071003
1279,YXJ,0.31648443546136
1280,PGA,0.3164757072855315
1281,ATZ,0.3164516601516327
1282,VPE,0.3162775629806674
1283,ENY,0.3160828625901916
1284,KIR,0.31587810778425496
1285,ZYL,0.31573107159917907
1286,STS,0.3154995750848128
1287,LRS,0.3154456149295713
1288,BIS,0.31518412736758566
1289,YIC,0.31490041146808795
1290,JIU,0.3147285208619176
1291,OAX,0.3145536079463264
1292,ELM,0.3143387942427984
1293,GIB,0.31387581346962046
1294,YTL,0.3136895857311957
1295,MWZ,0.3134647160179564
1296,JXA,0.3131507041605754
1297,NUS,0.31267554128417097
1298,YFO,0.3125896388889103
1299,EZS,0.31245870488255717
1300,MQL,0.31242132509352133
1301,YTS,0.3118088334702917
1302,LUM,0.3116147121906751
1303,LLA,0.31143343341879276
1304,HYL,0.3110927489740862
1305,AZS,0.31078116987405086
1306,PEE,0.3105256482329906
1307,AZO,0.3102217322174073
1308,NAQ,0.30961334424991005
1309,UTH,0.30939940310723885
1310,RMF,0.30927200923215076
1311,NQY,0.3090716415986162
1312,LET,0.30902364736885946
1313,MZV,0.30870355666203375
1314,JNN,0.3078173291550928
1315,SDK,0.30725609572292123
1316,PEI,0.3070250861107082
1317,TMM,0.3058430976364824
1318,GOV,0.3057130232315825
1319,PKC,0.30559892964504687
1320,IXL,0.3055540057941287
1321,BJA,0.3054303605187502
1322,TLM,0.3054303605187502
1323,GEV,0.3051181249705135
1324,AJL,0.30491569072131347
1325,INB,0.3047586774046851
1326,GDX,0.30464974561786157
1327,PNK,0.3046096989798402
1328,REG,0.30418490822301314
1329,VDC,0.30416847280837894
1330,IQN,0.3039747073886154
1331,JUZ,0.30344576631922304
1332,SAF,0.3032964866797093
1333,BHV,0.3031537864387567
1334,SRY,0.3030771117661298
1335,BCD,0.3030681228976783
1336,ZAM,0.30294948861802573
1337,GBT,0.3026258848928379
1338,PQQ,0.3025378470772834
1339,MMB,0.302414734170929
1340,VDS,0.3008796391503053
1341,ADQ,0.30071670791581373
1342,TJU,0.30066249961779706
1343,LFT,0.30062981446806475
1344,GRK,0.30062981446806475
1345,AEX,0.30062981446806475
1346,MLU,0.30062981446806475
1347,AXA,0.30056042352793116
1348,PAZ,0.29909605915246057
1349,TAH,0.2990352481930652
1350,NVI,0.29866075611646037
1351,PCL,0.2978496469607652
1352,TPP,0.29784964696076516
1353,YBL,0.29774611204123186
1354,KSH,0.29773029551080665
1355,SOW,0.2970166470197673
1356,ABD,0.29685971816717605
1357,CYS,0.2967275745975017
1358,UIB,0.29659471322767544
1359,ALS,0.29657512115256973
1360,KLG,0.2958326900865046
1361,SCU,0.29582430460524795
1362,HEA,0.2957576303778631
1363,RSH,0.2954605859448716
1364,CUK,0.29480958901151705
1365,PFB,0.29455321489544395
1366,REL,0.29403179875467744
1367,TKG,0.29304092570279583
1368,GKA,0.29195320909294803
1369,ULK,0.29158139161833635
1370,KKN,0.291452674021511
1371,KTS,0.28957678596311115
1372,HRI,0.28954212109061905
1373,KKA,0.28953416319201525
1374,OGX,0.28830514828937975
1375,JDH,0.2875615714669038
1376,LXS,0.28734753800347773
1377,JUL,0.2872450519090027
1378,GHB,0.2865346024558811
1379,VQS,0.2861531244757039
1380,DJB,0.28604637812645195
1381,MAS,0.2857763268041422
1382,BRA,0.28542234808632144
1383,NYU,0.28521604973484455
1384,JSH,0.2847214700627289
1385,EDL,0.284224695226626
1386,YHK,0.2839514547110586
1387,PBH,0.28375660641938955
1388,NYK,0.2833199071884223
1389,PUQ,0.2827331980502094
1390,TBU,0.28254243942759916
1391,XBE,0.28234083768277246
1392,PND,0.28122934916394454
1393,SMK,0.28069946267942514
1394,DRG,0.2803158571286741
1395,ORV,0.2803158571286739
1396,BKC,0.2803158571286737
1397,IAN,0.2803158571286737
1398,YGT,0.2801683787277705
1399,TEN,0.2800610890084361
1400,MSA,0.27957343485674907
1401,SHG,0.2794086992657682
1402,BTT,0.27862945816790075
1403,ABL,0.2783611958822935
1404,IBR,0.27784477992927664
1405,AOJ,0.27745366182212267
1406,YUT,0.2766923095626867
1407,MXZ,0.2763958197934095
1408,TFF,0.2761510322197018
1409,OBU,0.2761130899678131
1410,YCO,0.27587040607739094
1411,BLZ,0.27532442064093643
1412,YSB,0.2752277333456114
1413,SVD,0.2749578483912681
1414,HTN,0.27482264565887776
1415,DIE,0.27445676748903136
1416,RGL,0.2736333059001217
1417,MUA,0.2723361356834377
1418,NOJ,0.2721453753699933
1419,FCA,0.27203787603998003
1420,TUK,0.2711372942794455
1421,KVD,0.27109318438451935
1422,OVS,0.27083689784322906
1423,ETZ,0.2702227472320969
1424,NBS,0.2701919516015199
1425,BNN,0.2701349943643182
1426,RLK,0.27002720001833336
1427,RTW,0.26984636758370356
1428,PKZ,0.26981716705649583
1429,HAS,0.2693969763675784
1430,LDE,0.26926157385706245
1431,EBA,0.269064875490002
1432,PGU,0.2685069302926562
1433,BQS,0.2684890541752391
1434,MYD,0.2683983755245095
1435,RLG,0.26831904598808437
1436,KQT,0.2679261201564086
1437,LMM,0.2676801524500123
1438,HDF,0.26759662156525554
1439,TCZ,0.26750050819501403
1440,JDO,0.2673362117163952
1441,MPA,0.2672990675725986
1442,NDU,0.26729906757259836
1443,YKL,0.2668518343342863
1444,MBS,0.2668303057814135
1445,PGF,0.26621557562936415
1446,YPX,0.2660875035670434
1447,GFK,0.266075131684296
1448,YUY,0.26602517515925095
1449,IAG,0.2659414725328998
1450,CUF,0.2659014698478037
1451,MQM,0.26572401636660714
1452,GNY,0.26561884141899
1453,TGJ,0.26539376554991817
1454,UVE,0.26539376554991817
1455,VAN,0.26528390254598533
1456,NSN,0.26510922964139305
1457,HLZ,0.26510922964139305
1458,FNJ,0.26504648669165654
1459,PEG,0.26491626255027323
1460,DGO,0.26475663561398877
1461,YXY,0.26470508091768347
1462,LDY,0.2644408942955027
1463,PHO,0.26440219220513633
1464,RFD,0.2642009225716169
1465,EEK,0.26390246573699083
1466,TUF,0.2633890135100023
1467,MZG,0.2632581432705593
1468,KNH,0.26325814327055924
1469,MOT,0.26325035757593
1470,TAB,0.2630780931377264
1471,SKZ,0.26284578983481455
1472,JNZ,0.2626775393870518
1473,VOL,0.26231832927960974
1474,GLK,0.26217444107089777
1475,ELS,0.2620215038632786
1476,TOF,0.2620145145159076
1477,XAP,0.26173877196323225
1478,GUR,0.2617084593595378
1479,AZR,0.26163041941135945
1480,SCE,0.2609716036542034
1481,EBU,0.26067475048797045
1482,JOI,0.26066137737343553
1483,BUZ,0.26038965636128725
1484,PNZ,0.2599366731166806
1485,HTS,0.259809224009367
1486,MLN,0.25966764986650825
1487,DDG,0.25962375910684243
1488,PUF,0.25958377003473765
1489,SDL,0.2593529977330935
1490,DRO,0.25914674804995896
1491,BSA,0.2588163289707877
1492,PZU,0.2588158849821032
1493,NER,0.25874698255133827
1494,MMY,0.2586724021589455
1495,KSC,0.2585752695574302
1496,LNV,0.2585459283504527
1497,CNJ,0.25838186793666523
1498,KUA,0.2581700589534959
1499,GXF,0.2578651785727087
1500,PYJ,0.2578196504745026
1501,KUH,0.2577232555836775
1502,ERZ,0.25769611080413823
1503,XIC,0.2576640229148998
1504,CEN,0.2575940366530498
1505,SPI,0.2574105675208621
1506,BNK,0.2572858236310845
1507,HUY,0.25673222281803937
1508,LSI,0.2559775166395679
1509,UAS,0.2554824114552857
1510,SYY,0.2554135159829238
1511,BCV,0.25535601681815756
1512,KGI,0.2551758209424044
1513,BTJ,0.2543749100241596
1514,TOL,0.2543142529913817
1515,KLV,0.25423750165181036
1516,BGA,0.25412236571617486
1517,DLI,0.2541075011496681
1518,PQC,0.25376113968575303
1519,GRJ,0.25368391847552285
1520,ROK,0.2534674305335894
1521,KDH,0.2534007593757728
1522,GAM,0.2531742830033269
1523,SVA,0.2531742830033268
1524,BRM,0.253099419174028
1525,KSQ,0.25278466789007636
1526,TOB,0.2523396060387406
1527,YYH,0.25219034299821225
1528,SSJ,0.2518393352958963
1529,MQN,0.2511728022855792
1530,YKA,0.25096464852115963
1531,GES,0.250618303954924
1532,ETH,0.2502770926755266
1533,YXT,0.24969673884376964
1534,CCP,0.24964480123798258
1535,ELI,0.24950570168122743
1536,CWA,0.2487702905445705
1537,TVC,0.2487702905445705
1538,RBR,0.2487640604442011
1539,BOB,0.24873742439348334
1540,YPH,0.2482476802051904
1541,FSM,0.2474657079299885
1542,DQA,0.24697896660087246
1543,MLB,0.24660341017628895
1544,DAB,0.24660341017628895
1545,EWN,0.24660341017628895
1546,AKP,0.24631214874781882
1547,AOR,0.24629771700143027
1548,MRE,0.2462696783005358
1549,MCY,0.24611985460335598
1550,KTB,0.24580203367175263
1551,GLV,0.24568593444556
1552,WMO,0.24557287279883
1553,VAA,0.24528635981416805
1554,AKU,0.24417160941700658
1555,FLW,0.2437551216140293
1556,IXU,0.2436551907285269
1557,BDQ,0.2436551907285269
1558,YWL,0.24332922595265138
1559,DED,0.24256804444909186
1560,CRP,0.24234977957309645
1561,LZY,0.24147212906646912
1562,AKI,0.2413324391185499
1563,TAC,0.24125234714356122
1564,KKI,0.2396479715552786
1565,BKS,0.23951412019176765
1566,JEG,0.23949236013418065
1567,TLT,0.23893651456475282
1568,XQP,0.23813081018347682
1569,WIN,0.23671927819472505
1570,FTE,0.2367137403913276
1571,KOT,0.23634864165249864
1572,KWT,0.23576944517662818
1573,AUQ,0.23471710418576444
1574,NHV,0.2347171041857644
1575,PQS,0.23459910827311975
1576,KSJ,0.2339501984043064
1577,YKU,0.23342195299972024
1578,YIF,0.23323305511106684
1579,YHR,0.23295857162957634
1580,GTE,0.23290721999214437
1581,YHM,0.23145216117231107
1582,JHS,0.2313729940325238
1583,SGY,0.2313377197905504
1584,LAU,0.23086402252521235
1585,YVB,0.23076324536571843
1586,YHO,0.23025390867967982
1587,YFC,0.22993822299882288
1588,CCV,0.22969238437613937
1589,YMN,0.22958085829075936
1590,YSO,0.22927384277138196
1591,PIX,0.22881767937538847
1592,RFP,0.22818553537117175
1593,TWB,0.22803441695096635
1594,BUQ,0.22624157695213226
1595,CKX,0.22566295552905274
1596,SPB,0.22566295552905263
1597,SSB,0.22566295552905227
1598,TKJ,0.22566295552904977
1599,GCW,0.2256629555290495
1600,BLD,0.22566295552904944
1601,YHU,0.22507380299948163
1602,CTL,0.2250704475988614
1603,YSM,0.2249830625596996
1604,EMK,0.22428092200147146
1605,HSL,0.22424540099587825
1606,CYF,0.2242167495487754
1607,YNP,0.22250370984328183
1608,KWK,0.22245102640270756
1609,HUN,0.22244122022457105
1610,CPO,0.2222791227618634
1611,BHQ,0.22189707259065583
1612,NOS,0.22170444863090769
1613,EGM,0.2216001558635651
1614,YBG,0.2212992314486026
1615,YCY,0.22117349516732687
1616,BQN,0.22112466819430324
1617,YXP,0.22111964048279772
1618,YDP,0.22096615650437607
1619,HNA,0.2206183542193523
1620,KGX,0.22042473926214526
1621,YUX,0.22019828171723713
1622,YYG,0.22015314871001676
1623,TIM,0.2199211962948513
1624,SHX,0.21944230303123394
1625,AYQ,0.2191725819405695
1626,ANV,0.21859210507353524
1627,KPN,0.21836685853290763
1628,SBP,0.21827184373083433
1629,MAJ,0.21813786844421532
1630,ARI,0.21810063173161479
1631,IDA,0.21762811072545235
1632,TBG,0.2171989245748076
1633,CFR,0.21708095152384363
1634,DLH,0.2168555487642019
1635,JIK,0.21669310779327106
1636,EYK,0.2164099817506373
1637,SHH,0.2161261225272938
1638,BTK,0.21606776082269125
1639,THL,0.2159766132586104
1640,MQP,0.21596964733226132
1641,KKH,0.21560868356540216
1642,KIT,0.21550067611243248
1643,LWS,0.21549028278797
1644,IGR,0.2154662709909137
1645,HCR,0.2152869725368179
1646,DIL,0.21520203673003152
1647,KVG,0.21519691714252764
1648,BLJ,0.2151144945354554
1649,KER,0.21479592359532684
1650,YAM,0.21472737437616934
1651,KZO,0.2146913237311984
1652,UBA,0.21460179299068757
1653,MCX,0.21430602464435364
1654,AVA,0.21422592388174666
1655,URT,0.21415484344761665
1656,PJM,0.21396491637215265
1657,AZI,0.21394173529558275
1658,NYA,0.21378540975488586
1659,UNG,0.2137641051181568
1660,LBC,0.21366617581656777
1661,HLN,0.21348331442676668
1662,ITO,0.21332424935743335
1663,UCT,0.21307207958304042
1664,RDZ,0.21288805034015307
1665,ZSA,0.21284138063536534
1666,MDK,0.21282482145577417
1667,OSI,0.21272829812135163
1668,GHA,0.21220886429251035
1669,MJF,0.21205258099340493
1670,LSP,0.21202144179114443
1671,BBK,0.21198938455837213
1672,TMS,0.2119135202111471
1673,THU,0.21138453220007666
1674,FAE,0.21122054354919534
1675,YNG,0.21112746293500895
1676,SOG,0.21112332180738233
1677,ABA,0.21096195600306375
1678,MLX,0.2108562473405713
1679,GLT,0.2107381036410335
1680,FNI,0.21060691427362857
1681,XMH,0.21048555235551086
1682,KCZ,0.21047889906488984
1683,BSK,0.21033897328685996
1684,MEH,0.21032196081038118
1685,PMF,0.21030900046267614
1686,VAS,0.21020275079470216
1687,VNX,0.2101556444705051
1688,JTY,0.20997816992359333
1689,KYA,0.2094001182806022
1690,UUA,0.2091766936498137
1691,FRO,0.20898736407224283
1692,BIK,0.20892209520043406
1693,BHI,0.2088255829798976
1694,IJK,0.2087876709221702
1695,TMR,0.2086924395254775
1696,JGD,0.20867311756266663
1697,GRI,0.20863113451909587
1698,HOD,0.2084901948341508
1699,CUC,0.20827876143104604
1700,LRD,0.2080365543485051
1701,LBU,0.20776244729362098
1702,OUL,0.2076268384245816
1703,MHQ,0.20751539634943397
1704,STW,0.20722059241402996
1705,FKQ,0.20721238127500063
1706,YXC,0.20711683019654104
1707,DAU,0.20707336660322273
1708,ENE,0.20700205506235358
1709,HNS,0.2069856102111403
1710,ITH,0.20695464308739983
1711,GDT,0.20670467623647204
1712,ERI,0.2062996984940362
1713,JUU,0.20609658859388238
1714,IOT,0.20609658859388233
1715,SAE,0.20609658859388233
1716,IKE,0.20609658859388225
1717,DPL,0.20592087983990556
1718,OSR,0.20574395745823776
1719,NNM,0.20565516024186184
1720,BKG,0.2056435439112529
1721,NCU,0.2055431321772819
1722,MXL,0.20539802983817212
1723,YYD,0.205290861762823
1724,BGM,0.205286383205734
1725,EUN,0.20521114498312082
1726,RST,0.2050423454441642
1727,ASW,0.20489345306403084
1728,LBJ,0.2042093877498224
1729,BFN,0.2038786658100865
1730,SQS,0.2038042732309453
1731,YQU,0.20376395522184876
1732,RIA,0.20369034309869147
1733,APO,0.20355117720060745
1734,JCB,0.20337432164929076
1735,KWJ,0.20315816327305733
1736,IGM,0.2026021344984527
1737,YUD,0.2025803542079945
1738,GLF,0.20252083281807354
1739,COQ,0.20251304128237724
1740,ABX,0.2024993479568329
1741,CFS,0.2024993479568329
1742,FUJ,0.202449511873183
1743,HOV,0.20205602514172852
1744,PUU,0.20200012543919482
1745,BUA,0.20186298888020063
1746,KHQ,0.20174027671852998
1747,TQA,0.20174027671852995
1748,KGQ,0.20174027671852993
1749,NSQ,0.20174027671852987
1750,UPK,0.20174027671852987
1751,IUI,0.20174027671852982
1752,FKS,0.20149078192333228
1753,MYT,0.2013833825435857
1754,VEE,0.20117466846060011
1755,KDI,0.20116187928171295
1756,PZI,0.20113475609116208
1757,KAL,0.20090795981822715
1758,NUL,0.20090795981822707
1759,SMR,0.20066725491460966
1760,ZSJ,0.20049038811834155
1761,YIN,0.20048717516356113
1762,TLA,0.20047954897585557
1763,AGT,0.2002821580140775
1764,HUI,0.19998106613047598
1765,BYC,0.19986904923990748
1766,GTO,0.19964608881387635
1767,NPE,0.1995916957131237
1768,ROT,0.1995916957131237
1769,BHE,0.1995916957131237
1770,TRG,0.1995916957131237
1771,NPL,0.1995916957131237
1772,HPH,0.19945800058785174
1773,VHM,0.19920578799863817
1774,LYC,0.19920578799863814
1775,ANX,0.19919475759934027
1776,NDB,0.19902220141127056
1777,YQZ,0.1989676481101269
1778,KRF,0.1988088412596466
1779,CMI,0.19874446493886044
1780,COU,0.19874446493886044
1781,MHK,0.19874446493886044
1782,WMN,0.19873943267263308
1783,MUN,0.1985731368707315
1784,STD,0.1985731368707315
1785,ART,0.19852116842513426
1786,SBY,0.19825004184136882
1787,TMU,0.19819512590852373
1788,MZR,0.19741442215636662
1789,SBZ,0.197202241429758
1790,OZC,0.19697015322468478
1791,BXU,0.19697015322468478
1792,MPH,0.19697015322468478
1793,DGT,0.19697015322468478
1794,LGP,0.19697015322468478
1795,HHH,0.19656403258874924
1796,HAD,0.1962078021886714
1797,MVY,0.19608957638007526
1798,VIJ,0.19510712613686002
1799,CXI,0.19489203429136115
1800,SCY,0.19482713283498135
1801,MEA,0.19480216791440638
1802,TJQ,0.19473143245191588
1803,ZRJ,0.19472676965758096
1804,GST,0.19450507611144627
1805,HNH,0.19450507611144605
1806,MKK,0.19436871872381256
1807,KLW,0.19341022390332385
1808,SFG,0.19285436457296468
1809,DLG,0.19270459102178047
1810,TNO,0.1923290628225911
1811,CIJ,0.19222187153456036
1812,YGR,0.19204675670772456
1813,AUX,0.19156514900861224
1814,CDV,0.19094187641050644
1815,HLA,0.19082615567285643
1816,ABY,0.19075291164235209
1817,STG,0.19007119835847927
1818,SNP,0.19007119835847916
1819,SIT,0.189929169668457
1820,YMO,0.189369745461581
1821,BBA,0.18923879881501432
1822,BTI,0.18900628495888314
1823,FRD,0.1888583350844473
1824,CLM,0.1888569310781739
1825,ESD,0.1888569310781739
1826,JQA,0.1887394144694067
1827,ENH,0.18786158642916717
1828,YQK,0.18773239525426913
1829,HUH,0.18731132711203252
1830,DCY,0.18718829621844638
1831,MTV,0.18680890716989826
1832,TOH,0.1868089071698982
1833,CYB,0.18629711963740422
1834,KMS,0.18571689357538504
1835,SLH,0.18460046689588408
1836,ZGU,0.18460046689588408
1837,YSK,0.1841703539602597
1838,YHI,0.18234623460213253
1839,MXH,0.18220700998272849
1840,OOK,0.1816911087576014
1841,YGL,0.18109406111709123
1842,TOE,0.1800922365676956
1843,ERM,0.17994729540253915
1844,ENA,0.17986375145932398
1845,KOC,0.17972242623908516
1846,YFH,0.17964836042036192
1847,YQX,0.17923476581863854
1848,VAI,0.17886565512019226
1849,MTM,0.1786256489218066
1850,CIK,0.1785790591684402
1851,CKS,0.17821446264149493
1852,YKG,0.17741704833609903
1853,UAP,0.17688808809974088
1854,UAH,0.17688808809974085
1855,IRG,0.17635238867931227
1856,FSP,0.17628579539628977
1857,IPA,0.1759690309946745
1858,LNE,0.1755933239707743
1859,YSJ,0.1754787322592548
1860,WWT,0.1752141676104869
1861,YHD,0.17446393518002748
1862,TNK,0.17445913684744369
1863,YBX,0.17404965456682558
1864,DMB,0.17382318395647692
1865,UKA,0.17375134938519615
1866,CNP,0.17360239485054502
1867,YMT,0.1729058401273104
1868,TIZ,0.17275150403170705
1869,YAG,0.17212673807932494
1870,YAY,0.17199267081581723
1871,YIO,0.17191603788662527
1872,SOJ,0.17182641200304075
1873,YPJ,0.17179292661854953
1874,IRA,0.1701302481694277
1875,PVU,0.16959948465887786
1876,TIH,0.1688758761229487
1877,LLF,0.16877659169818834
1878,KVL,0.16874123515318615
1879,WSX,0.16855900221733425
1880,MIM,0.1685142483499071
1881,AEB,0.1680962833857789
1882,LDH,0.1678258203849776
1883,YHY,0.16775754574954946
1884,KGA,0.1676106020731293
1885,YQF,0.16731076240482293
1886,BVG,0.16718438574578173
1887,DMD,0.16716255010011552
1888,ONG,0.16693053991998696
1889,WUZ,0.16662633863913404
1890,BWT,0.16638974187861588
1891,RYK,0.1662483812445627
1892,MNG,0.16615372599166417
1893,LBE,0.16608370165801084
1894,YAX,0.16558170520465446
1895,ZVK,0.16524682673924163
1896,GAJ,0.16510943358009103
1897,YTE,0.1651066156226578
1898,GIU,0.16496541664174025
1899,DEA,0.16486827727593517
1900,URJ,0.16481295265388568
1901,ELD,0.16479451394325453
1902,MQX,0.1646718242149439
1903,PNI,0.1642504806329484
1904,INU,0.1642461730022727
1905,KWA,0.1642330343021131
1906,VDE,0.16422007916193485
1907,KSY,0.16412155882462146
1908,BAL,0.16412155882462146
1909,ERC,0.16412155882462146
1910,KCM,0.16412155882462146
1911,MSR,0.16412155882462146
1912,LNK,0.16407681095988008
1913,NUP,0.16397692379748152
1914,LMP,0.16396987886517
1915,WLS,0.16396358479356038
1916,PMZ,0.1639540838634981
1917,CPR,0.16386942401678511
1918,ACV,0.16362496765036805
1919,INH,0.1636223190668628
1920,SCM,0.16357607619918135
1921,DLE,0.1635435460977771
1922,PXU,0.163413559602821
1923,TZL,0.16325256289096038
1924,ATT,0.163226776147905
1925,YQG,0.16311785884343785
1926,AXD,0.16304569832415763
1927,CAC,0.1630044049807919
1928,KUK,0.1628450731769128
1929,OHE,0.16283907318698318
1930,RKS,0.16274377481153465
1931,GCC,0.16274377481153465
1932,GPA,0.1626514719509289
1933,YUM,0.16259920656918198
1934,VCA,0.16255972299798313
1935,RVK,0.16250283614872324
1936,HPB,0.16245045645653117
1937,VAK,0.1624504564565311
1938,DCM,0.16240170368933823
1939,CXJ,0.16238422545372785
1940,POR,0.16238344486596254
1941,ZEL,0.16221054114639483
1942,LFM,0.1620577234501214
1943,PLQ,0.16193132126055498
1944,PWQ,0.1618607365995827
1945,DOU,0.1617841682442214
1946,WVB,0.1617780921337277
1947,YAT,0.16146396740999264
1948,LWY,0.16132672289239033
1949,TRW,0.16131576239283965
1950,ENU,0.16130338332174574
1951,RUR,0.16129882697954295
1952,AAQ,0.16129761149787808
1953,LUV,0.16114232997392708
1954,PLX,0.16112112558209
1955,URA,0.16104476055497452
1956,HYA,0.16096533118687753
1957,UEL,0.16091108100884366
1958,AZN,0.1609098391944493
1959,JTC,0.16082913569977528
1960,HOF,0.160806689165022
1961,EAM,0.16073396815919208
1962,ABT,0.16073396815919208
1963,BHH,0.16073396815919208
1964,IPN,0.1607211416069675
1965,BNX,0.16059922791607262
1966,CFB,0.16057641371797313
1967,KSN,0.16056330052618917
1968,SMA,0.16055045426562226
1969,TLN,0.16048401781804283
1970,YYE,0.16047383728216832
1971,CMW,0.16038922915843465
1972,VIL,0.1602844226571083
1973,EQS,0.16026104786153236
1974,YGV,0.16018344042780758
1975,SDD,0.16002914061608473
1976,DNR,0.16000738925216604
1977,KVX,0.15985351803292736
1978,JIJ,0.15983114226629944
1979,PNL,0.15979391935217052
1980,OSD,0.15975806768045156
1981,SRP,0.15967840275586456
1982,LPP,0.15943447792626395
1983,SFT,0.15930537794532723
1984,LUK,0.15930036577381976
1985,PDP,0.1590764491477135
1986,HIN,0.15903307496253982
1987,SKU,0.1588907052320123
1988,FRS,0.15886063221945243
1989,UBP,0.15885366703886994
1990,MOV,0.15854718594072367
1991,VST,0.1584710280720574
1992,MKQ,0.15828090857198995
1993,MDQ,0.158213477951516
1994,AHE,0.15818482804059295
1995,ESM,0.15807159390793746
1996,BZG,0.1580450177543174
1997,SPP,0.157962763768188
1998,NOV,0.15796276376818796
1999,LYR,0.15791861619469663
2000,UBJ,0.15788391131923116
2001,CAW,0.15766311561642213
2002,TSJ,0.1575753039672508
2003,ATC,0.1575571088045881
2004,TBI,0.15755710880458806
2005,TLE,0.15751791502854331
2006,WGA,0.15747732380423504
2007,TMC,0.15746186685972313
2008,AOG,0.15738956802409226
2009,ZAT,0.15733249884609565
2010,SVB,0.15704647623842066
2011,USN,0.15696936022979968
2012,KPO,0.15696936022979968
2013,RSU,0.15696936022979968
2014,DBO,0.15689786522314844
2015,MVP,0.1568430313192084
2016,PPP,0.1567176222066857
2017,WBQ,0.15668594250842485
2018,SVS,0.15668594250842477
2019,JBQ,0.15655217753235928
2020,RMA,0.15654402100245035
2021,YZY,0.1565161295016734
2022,JLR,0.15641995035047937
2023,STV,0.15641995035047937
2024,AKY,0.156311621060651
2025,CHG,0.15629255907615477
2026,LAQ,0.15615074598277534
2027,GAN,0.15611970043253026
2028,PDA,0.1560475219380092
2029,PCR,0.1560475219380092
2030,PKY,0.1559098192727498
2031,GWD,0.15585996434242821
2032,CUE,0.15576277468828398
2033,MJN,0.15558648901169184
2034,OSM,0.1553968435465526
2035,MTR,0.1553734618519847
2036,IBE,0.1553734618519847
2037,HZH,0.1552172712211454
2038,PHS,0.15520532013307833
2039,BMU,0.1551747266011712
2040,CAP,0.1551398993535648
2041,SMS,0.15510656409770424
2042,MLG,0.1550950756010653
2043,OCC,0.1548705926372163
2044,ISC,0.1547086073989325
2045,BPX,0.1546860993664874
2046,HJJ,0.1545909838786743
2047,UIH,0.15453822225138494
2048,DIR,0.1544372616910659
2049,ATY,0.1543828707767001
2050,MOU,0.15436902584838869
2051,HEK,0.1543181618336303
2052,EAS,0.15427593625962258
2053,KOK,0.15427512298334797
2054,VGA,0.15425102656638986
2055,LNY,0.1540193941234364
2056,AKF,0.15384792975765008
2057,OPS,0.15382843861427412
2058,OUZ,0.15363469881618583
2059,CHY,0.1534109366502604
2060,SJK,0.15341010544047096
2061,HUX,0.15325577356511436
2062,CME,0.15325577356511436
2063,MQT,0.1531718522575428
2064,BAX,0.1530985792168932
2065,KEJ,0.1530985792168932
2066,YKF,0.15306676587478935
2067,KRN,0.15283963137624496
2068,CLL,0.15283192459247352
2069,BRO,0.15283192459247352
2070,TYR,0.15283192459247352
2071,LCH,0.15283192459247352
2072,ADU,0.15273183641945615
2073,SUG,0.15268795930580853
2074,USU,0.15268795930580853
2075,VIG,0.15253338489255566
2076,BQB,0.15252959541691416
2077,ALH,0.15252959541691416
2078,RMI,0.15250381483307335
2079,SKN,0.15234861913867023
2080,LOK,0.1523331254832215
2081,CLQ,0.15228767384191558
2082,TPQ,0.15228767384191558
2083,ESU,0.15222045094479764
2084,NBX,0.152213214451124
2085,LKL,0.15189014647432642
2086,OMH,0.15186405140687054
2087,MME,0.1515028816427162
2088,SDV,0.15144148975374802
2089,KLR,0.15134781328492578
2090,AGH,0.15134781328492578
2091,RNB,0.15134781328492578
2092,NME,0.15134498955568895
2093,MLL,0.15134498955568895
2094,WTL,0.15134498955568895
2095,LSE,0.15128365873549707
2096,MAU,0.15103062094176553
2097,JSU,0.1509904925138283
2098,MOC,0.15081487294434343
2099,FEN,0.1507789767689844
2100,LLU,0.15072564964871535
2101,QUW,0.15072564964871535
2102,PEM,0.1506345782549907
2103,PSO,0.14993631834149468
2104,BGF,0.1496326280981894
2105,INZ,0.14950933296424646
2106,FDE,0.1494282085635343
2107,PXO,0.14919411691045614
2108,NUI,0.14904851363979757
2109,WRL,0.1485650573901543
2110,LYB,0.1482922179677897
2111,JSR,0.1482102165185067
2112,CXB,0.1482102165185067
2113,CDR,0.14820252260072742
2114,AIA,0.1479754798600187
2115,SVU,0.14785470886144067
2116,TVU,0.14785470886144064
2117,OSY,0.14780827944275501
2118,BQK,0.147797889875591
2119,GTR,0.147797889875591
2120,VLD,0.147797889875591
2121,CSG,0.147797889875591
2122,DHN,0.147797889875591
2123,CZH,0.14763699712500325
2124,YAC,0.1473046226317649
2125,ANM,0.14710931015186812
2126,HON,0.1470000948313009
2127,ZSE,0.14663806186371883
2128,KKJ,0.14634211074841416
2129,OBO,0.14634211074841416
2130,JFR,0.14620282257206413
2131,ZKE,0.14448236711838935
2132,TAG,0.14432152859166636
2133,CBO,0.14432152859166636
2134,TUG,0.14432152859166636
2135,RXS,0.14432152859166636
2136,VLL,0.14420905395905503
2137,LKN,0.14417524928473685
2138,PXM,0.14417219223259234
2139,ZCO,0.14414258867425989
2140,FON,0.14405583881822873
2141,DRK,0.14405583881822873
2142,SYM,0.14345678142304014
2143,RAJ,0.14333430994504576
2144,PBO,0.1432728677185546
2145,GET,0.1432728677185546
2146,LEA,0.1432728677185546
2147,JNS,0.14307905384298716
2148,BEJ,0.14300725286694682
2149,YFA,0.1429299453850404
2150,TNJ,0.14216705125552156
2151,RJA,0.14202213550768292
2152,VAO,0.14155303639498645
2153,DHB,0.1414790815532306
2154,AUU,0.14145429793292089
2155,TML,0.14137742822912458
2156,MOZ,0.14126519598834214
2157,WLK,0.13929411367276337
2158,WTK,0.13929411367276337
2159,YIK,0.1377115574318795
2160,PPQ,0.13738351406104252
2161,RMT,0.13705337463583514
2162,YZG,0.13655076429198393
2163,SVJ,0.13641258760692931
2164,SXP,0.13638679945154505
2165,KEM,0.13624928120121546
2166,AET,0.1360417010777847
2167,AKV,0.13570159457279352
2168,ULH,0.1353786202086864
2169,SZA,0.13530190157298436
2170,NDY,0.13489415443097164
2171,PSG,0.13483973094455068
2172,RVT,0.13479591520379952
2173,YAK,0.13452579750261856
2174,YGX,0.1341674426457479
2175,WRG,0.1340459644144114
2176,YWB,0.13366629173841446
2177,OND,0.13364842682060596
2178,LNB,0.13345265889494215
2179,BVB,0.1331725634024139
2180,ILP,0.13292553570218382
2181,TOU,0.13292553570218382
2182,KNQ,0.13292553570218382
2183,MEE,0.13292553570218382
2184,RCE,0.13251409541242617
2185,WRE,0.13251147523326168
2186,TUO,0.13251147523326168
2187,GIS,0.13251147523326168
2188,FAV,0.13237898988841995
2189,MVT,0.13237898988841995
2190,HOT,0.13134697538465742
2191,ZBF,0.13119382580118152
2192,PIZ,0.1294217289429253
2193,IVC,0.12928840213194315
2194,YER,0.12890659599343665
2195,XKS,0.12890659599343665
2196,YPM,0.12885046949268456
2197,AUK,0.12765847831312963
2198,LLI,0.1272068579346167
2199,YQC,0.1269359832189929
2200,ULB,0.12678893288043222
2201,YRB,0.12624460155333608
2202,SJZ,0.1259833045405334
2203,SVK,0.12525948199157333
2204,CUQ,0.12484160665416198
2205,KGE,0.12426324080954086
2206,BOC,0.12408315163133062
2207,BJF,0.12376421702157626
2208,HOM,0.12337611388938427
2209,VDZ,0.12337611388938427
2210,SDP,0.12337611388938427
2211,PPW,0.12296407991495385
2212,TFI,0.12274078631443941
2213,ATK,0.12266934943407415
2214,AIN,0.1226693494340741
2215,YSY,0.12266580303879063
2216,GOU,0.12263330391639593
2217,CFC,0.12202127470961224
2218,TUP,0.12175082921134175
2219,DDC,0.12155021427144462
2220,LBL,0.12155021427144458
2221,YAB,0.1214351622992981
2222,AWD,0.12123518895031163
2223,FTA,0.12123518895031163
2224,YGH,0.12075124192880286
2225,ZPB,0.12063027814941159
2226,CMA,0.12031746662441922
2227,YQY,0.12009286988942941
2228,YGP,0.1200511131823374
2229,SWJ,0.12000535101317844
2230,LPM,0.12000535101317844
2231,YLH,0.11994432914888599
2232,HAA,0.11977048801880386
2233,YWP,0.11941135762262649
2234,MCP,0.11918087236701898
2235,SNE,0.11913225920231058
2236,CVU,0.11909450322155249
2237,KNG,0.11900611098005609
2238,ATM,0.11853347199914178
2239,SOY,0.11819015756594578
2240,YCL,0.1181708648373709
2241,YNC,0.1180268613947653
2242,RBQ,0.11777883673781683
2243,ZEM,0.11777612299307119
2244,LOD,0.11777602820472038
2245,YRG,0.11769230348973234
2246,ZLT,0.11743495839084722
2247,ZTB,0.11740976947275641
2248,MCN,0.11726768157409927
2249,YNS,0.11666365081252068
2250,BVI,0.1165576555679059
2251,WNR,0.11636762258150028
2252,DLY,0.11633431638495473
2253,ZFN,0.11612660140631392
2254,SGO,0.1159910554352424
2255,BEU,0.11576810637689687
2256,ZKG,0.11552361323872914
2257,ASE,0.11548943389437376
2258,YPY,0.11548216144614404
2259,RDN,0.1153680669546386
2260,ULP,0.11487254177446155
2261,TAP,0.11455971710651404
2262,SMX,0.11450948499002857
2263,GOQ,0.11449885207400885
2264,DMU,0.11418401297556466
2265,KYU,0.11388469659676802
2266,BQL,0.11370860237072068
2267,NYT,0.11367133065303044
2268,LWB,0.11363450263405364
2269,YOP,0.11350487039043311
2270,YOJ,0.11350487039043307
2271,RNA,0.11321194836311185
2272,NNB,0.11321194836311185
2273,ZHY,0.11308070261629115
2274,YTQ,0.11304739869085531
2275,YWJ,0.11299797423999701
2276,RNL,0.11297912136881413
2277,BNY,0.11297912136881413
2278,PSE,0.11289574242276325
2279,YPN,0.112865730808398
2280,BHS,0.11272673714512896
2281,GFF,0.11272673714512894
2282,NRA,0.11272673714512893
2283,PKE,0.1127267371451289
2284,MOF,0.11266068077841607
2285,TOG,0.11255747618130181
2286,MYA,0.11253518076156707
2287,HSG,0.11251444583443238
2288,IXD,0.11251356961210211
2289,HVB,0.1125085081799515
2290,NLK,0.1125085081799515
2291,TRO,0.11242433305204579
2292,NGQ,0.11222371779057276
2293,VAW,0.11220939528935277
2294,IPC,0.11219886161825096
2295,OTH,0.11217037600781851
2296,LMT,0.11217037600781851
2297,JHM,0.11216417476189458
2298,HBX,0.11213462752486199
2299,RBV,0.11204769165253861
2300,MJM,0.11204701134439574
2301,ERL,0.1119553601546866
2302,GXH,0.11193272203245905
2303,MGB,0.11190295322384983
2304,YVM,0.11189880609674957
2305,AFA,0.11184449986581207
2306,JUJ,0.11182306536489012
2307,LUQ,0.11181979715004914
2308,TSH,0.11169076905911096
2309,UPN,0.11150086204887448
2310,BUC,0.11148502902362215
2311,KKC,0.11147463268766493
2312,FRW,0.11146743606648753
2313,ZUM,0.11124560076376801
2314,LDS,0.1112308977616136
2315,JCK,0.11121248497265981
2316,KNS,0.11117688127466353
2317,MMJ,0.11111210041807842
2318,SHB,0.11103614196523341
2319,WKJ,0.11103614196523341
2320,RVE,0.11099761481299693
2321,TME,0.11099761481299687
2322,YXX,0.11097578220267011
2323,IAM,0.11086947257543736
2324,BOY,0.11081177746491455
2325,ASJ,0.11068667849321602
2326,MSJ,0.11068667849321602
2327,NTN,0.11067471815804525
2328,MYG,0.11066203243455221
2329,IGA,0.1106620324345522
2330,CRI,0.11066203243455218
2331,AXP,0.11066203243455214
2332,SLI,0.11060796576973567
2333,AGR,0.11055862043596736
2334,AXM,0.11053973638057031
2335,MGZ,0.11047240674364923
2336,KCT,0.11047051096184615
2337,LRT,0.11038548560548933
2338,ORH,0.11019384482991994
2339,SZE,0.11009847425670871
2340,CEC,0.11002190083848566
2341,AJI,0.10999954562748462
2342,IGD,0.10999954562748462
2343,BGG,0.10999954562748462
2344,ADF,0.10999954562748462
2345,SVI,0.10996344703531565
2346,OHH,0.10995733725210272
2347,BJZ,0.10992086422786138
2348,XCH,0.1098099738108035
2349,CEG,0.10973717272418926
2350,EDR,0.1097270783688055
2351,KWM,0.10972707836880548
2352,LOH,0.10970460663425122
2353,PUW,0.10970208927982811
2354,TVY,0.109653684118372
2355,IPL,0.10964444549197311
2356,SNW,0.10963138397017393
2357,KSA,0.1096249214077511
2358,AQJ,0.10961527726804467
2359,LTX,0.10948970933236199
2360,KSF,0.10947572968625736
2361,STC,0.10944390715713653
2362,ELG,0.10929543106760368
2363,TBB,0.10928712458362899
2364,VDH,0.10928712458362899
2365,VCL,0.10928712458362899
2366,TKK,0.10918075877399765
2367,SLW,0.10917524835955972
2368,CJL,0.10908376117013836
2369,ROP,0.10885532196513033
2370,KRO,0.108836462188417
2371,ULV,0.108836462188417
2372,VCS,0.10880118999975943
2373,ACR,0.10879626583043242
2374,ACH,0.10878201398231466
2375,SGU,0.1086647942607536
2376,COD,0.1086647942607536
2377,JAC,0.1086647942607536
2378,DNZ,0.10860029325271642
2379,NAV,0.10860029325271642
2380,MZH,0.10860029325271642
2381,SRX,0.10859322021651834
2382,AGF,0.10854549606183514
2383,YCD,0.10847011980006085
2384,YCG,0.10847011980006085
2385,PAG,0.10840576538693225
2386,ISN,0.10839159051141059
2387,DIK,0.10839159051141059
2388,YZT,0.10838012269239121
2389,BLE,0.10832358347013092
2390,MKM,0.10831020311574896
2391,SKX,0.10820488184458002
2392,PED,0.10820488184458002
2393,LLK,0.10820488184458002
2394,CSY,0.10820488184458002
2395,LCR,0.10816604995703197
2396,KOV,0.10807221135080722
2397,ARU,0.10806230176497097
2398,PZH,0.10802832915883903
2399,MRX,0.10798299145161797
2400,OZZ,0.10797687516795516
2401,DSK,0.10797457218012652
2402,LPI,0.10797113716219106
2403,YDQ,0.10784593288006103
2404,CCM,0.10782955860808635
2405,NNT,0.10782628578187337
2406,KUD,0.10781136488616505
2407,MQF,0.10779943050450384
2408,DZN,0.10773097526237158
2409,PPK,0.10773097526237158
2410,EVG,0.10772051604453134
2411,MXX,0.10772051604453128
2412,ONQ,0.10767374503027514
2413,BDH,0.10765781994183111
2414,PPB,0.10744212223790706
2415,CLV,0.10744212223790706
2416,VXC,0.10742274801719646
2417,GLN,0.10733277375062521
2418,XSB,0.10732599145713624
2419,KTG,0.1072959503141207
2420,VKT,0.10727218278471966
2421,PGX,0.10726348006009091
2422,KSD,0.10725727893988968
2423,SDN,0.10724036882513553
2424,NOZ,0.10722249099050904
2425,UTN,0.10717595515216652
2426,KIM,0.10717595515216652
2427,HDS,0.10717595515216652
2428,HRM,0.10716593331986612
2429,LEB,0.10714016194176158
2430,UKS,0.10712333001227269
2431,XSC,0.10711487492881439
2432,DYR,0.10710436960012693
2433,HFS,0.10708949583935543
2434,XCR,0.10706891333852309
2435,AVN,0.10700580462377039
2436,WAT,0.10688763844766373
2437,UTP,0.10687368094832551
2438,BBN,0.10684916963727184
2439,ODN,0.10684916963727184
2440,LGL,0.10684916963727184
2441,LKH,0.10684916963727184
2442,TMJ,0.10683471868708025
2443,MII,0.10682690954622615
2444,CPV,0.10680499571483987
2445,HAQ,0.10679544327663928
2446,LUG,0.1066860187205223
2447,BRL,0.10662811977485442
2448,DEC,0.10662811977485442
2449,ACI,0.10656676211259859
2450,ORB,0.10656546494710059
2451,MLW,0.10655701573272824
2452,USK,0.10641665902042599
2453,TYF,0.10639395855242191
2454,NSH,0.1063846868843966
2455,RZR,0.1063846868843966
2456,XBJ,0.1063846868843966
2457,POJ,0.10632691972011246
2458,MMU,0.10631722521554982
2459,APN,0.10630221722411333
2460,DOL,0.10624606861746314
2461,ANR,0.10624606861746314
2462,URY,0.10619379818651775
2463,WAE,0.10619379818651775
2464,RAE,0.10619379818651775
2465,SHW,0.10619379818651775
2466,AQI,0.10619379818651775
2467,AJF,0.10619379818651775
2468,DWD,0.10619379818651775
2469,BSG,0.10610049354000047
2470,HFA,0.10609266452043953
2471,EBJ,0.10606083435658255
2472,AAN,0.10604915192632886
2473,KBU,0.10600862359912497
2474,IZA,0.10599987266404555
2475,QRW,0.10585353263051864
2476,CBQ,0.10585353263051864
2477,ABB,0.10585353263051864
2478,QOW,0.10585353263051864
2479,BNI,0.10585353263051864
2480,PJA,0.10582222927789178
2481,OZH,0.10568288821547345
2482,PBL,0.10558964619423614
2483,CYO,0.1055564561347823
2484,GEL,0.10546661114573183
2485,TCQ,0.10546425255058979
2486,CBT,0.10542700363452345
2487,SVP,0.10542700363452345
2488,MEG,0.10542121573746921
2489,VHC,0.1054212157374692
2490,FKL,0.10531420593033308
2491,JHW,0.105314205930333
2492,BFD,0.10531420593033294
2493,DUJ,0.10531420593033287
2494,WIC,0.10525808184127143
2495,HVG,0.10521740139246306
2496,PDV,0.10515992256733245
2497,SVR,0.10514330609756725
2498,PAS,0.10512590816983114
2499,JSY,0.10512590816983114
2500,JNX,0.10512590816983114
2501,IOA,0.10512590816983114
2502,MLO,0.10512590816983114
2503,JSI,0.10512590816983114
2504,LCK,0.10511384688057854
2505,MOQ,0.10506871915008968
2506,FTU,0.10506871915008968
2507,CRA,0.10499346789824757
2508,TUB,0.10456501626769558
2509,SRK,0.10451771025547685
2510,KZS,0.10438608030728046
2511,TGM,0.10430520449241634
2512,RHI,0.10427999186114345
2513,BRD,0.10427999186114342
2514,IMT,0.10427999186114341
2515,INL,0.10427999186114335
2516,DEB,0.10424514811970932
2517,SFN,0.10423613302095269
2518,UAQ,0.10423613302095269
2519,TUC,0.10423613302095269
2520,PRA,0.10423613302095269
2521,CFN,0.10418295541540204
2522,MKL,0.1041041311964267
2523,YAP,0.10397979676976804
2524,LYP,0.10368541542876342
2525,HGR,0.10368042608363899
2526,GMA,0.10358670097578676
2527,PHB,0.10340671146490213
2528,MMH,0.10337447259946632
2529,AOO,0.10337158818268252
2530,JST,0.10337158818268244
2531,ORZ,0.10334829903149911
2532,FLG,0.10329435133518486
2533,KQA,0.10297901537200314
2534,IKO,0.10297901537200314
2535,AKB,0.10297901537200314
2536,EWB,0.10292438711861443
2537,IPH,0.10290996921979198
2538,OWB,0.10287666911804061
2539,DRV,0.10285453011555704
2540,RGA,0.10285004075272824
2541,RSD,0.10264150866764936
2542,SML,0.10264150866764936
2543,LGI,0.10264150866764936
2544,NIQ,0.10261385547965095
2545,JUK,0.10261385547965095
2546,PLO,0.10246916332872248
2547,AAY,0.10233892996575104
2548,BEB,0.1022154547650858
2549,FUO,0.10196850978659663
2550,GPS,0.10190782721998602
2551,IKI,0.10189616573558874
2552,POI,0.10174997412153786
2553,NST,0.10171160320957802
2554,TST,0.10171160320957802
2555,KOP,0.10171160320957802
2556,YUS,0.10160457456888922
2557,ARM,0.10159354596490203
2558,SJE,0.10156933106780835
2559,EYP,0.10156933106780835
2560,NVA,0.10156933106780835
2561,AUC,0.10156933106780835
2562,CZU,0.10156933106780835
2563,VUP,0.10156933106780835
2564,BUN,0.10156933106780835
2565,FLA,0.10156933106780835
2566,KDM,0.10156440443835378
2567,KTE,0.10140945343552664
2568,HRO,0.1013791531638177
2569,MRD,0.10133385450606065
2570,VLV,0.10133385450606065
2571,BNS,0.10133385450606065
2572,SAB,0.10115049887499064
2573,YYB,0.10114431256928189
2574,MJD,0.10110148493658008
2575,YFS,0.10105285016940814
2576,KUV,0.1010477253466978
2577,TKS,0.10097264526361587
2578,KIS,0.10095483671329428
2579,WEI,0.10092442358739244
2580,OMR,0.10058666588411166
2581,SUJ,0.10058666588411166
2582,BAY,0.10058666588411166
2583,ARC,0.10056164841562881
2584,PBJ,0.10054813547003291
2585,TCB,0.10044750440085923
2586,BIM,0.10044750440085923
2587,KAJ,0.10036955948469223
2588,SVL,0.10036955948469223
2589,NRK,0.10036955948469223
2590,TAY,0.10036955948469223
2591,JYV,0.10036955948469223
2592,RVN,0.10036955948469223
2593,CAB,0.10033708013379178
2594,GOP,0.10032088078348098
2595,DHM,0.10032088078348098
2596,AOQ,0.10029940278969504
2597,BYN,0.1002658481908205
2598,BKQ,0.10014610039438149
2599,EMD,0.10014610039438149
2600,BDB,0.10014610039438149
2601,LUW,0.1001181357401304
2602,ZQZ,0.10010296400176283
2603,MTT,0.1000916670270381
2604,LZC,0.1000916670270381
2605,JAL,0.1000916670270381
2606,PDS,0.1000916670270381
2607,CVM,0.1000916670270381
2608,CPE,0.1000916670270381
2609,MAM,0.1000916670270381
2610,ODO,0.10008787278033365
2611,UKX,0.10008787278033365
2612,NLT,0.10008490864509681
2613,AAT,0.10008490864509681
2614,KRY,0.10008490864509681
2615,KCA,0.10008490864509681
2616,TCG,0.10008490864509681
2617,LAO,0.10003933467279012
2618,WNP,0.10003933467279012
2619,BSO,0.10003933467279012
2620,CRM,0.10003933467279012
2621,WNH,0.09999302412338917
2622,LNJ,0.09999302412338917
2623,BSD,0.09999302412338917
2624,PBD,0.0997355270697997
2625,BHU,0.09971668975602216
2626,BHJ,0.09971668975602216
2627,DIU,0.09971668975602216
2628,BZO,0.09967908026154725
2629,JPR,0.09967838054287849
2630,SJT,0.09966781805439714
2631,ACT,0.09966781805439714
2632,GCK,0.09966781805439714
2633,SPS,0.09966781805439714
2634,TXK,0.09966781805439714
2635,LAW,0.09966781805439714
2636,ROW,0.09966781805439714
2637,GGG,0.09966781805439714
2638,BPT,0.09966781805439714
2639,JLN,0.09966781805439714
2640,ABI,0.09966781805439714
2641,HMV,0.09959021764703235
2642,AJR,0.09959021764703223
2643,AIT,0.09954997469974639
2644,PQI,0.09944677223935632
2645,HVN,0.09944452154067106
2646,IPT,0.09944452154067106
2647,MQJ,0.09932274582375818
2648,IKS,0.09932274582375818
2649,CKH,0.09932274582375818
2650,CYX,0.09932274582375818
2651,GKK,0.09929150688300922
2652,KDO,0.09929150688300897
2653,DCN,0.09923584020152082
2654,ZNE,0.09923584020152082
2655,EPR,0.09923584020152082
2656,CJA,0.09918383562585364
2657,PIU,0.09918383562585364
2658,AYP,0.09918383562585364
2659,HUU,0.09918383562585364
2660,YPR,0.09910905319978126
2661,SUX,0.09907664688446341
2662,DBQ,0.09907664688446341
2663,ALO,0.09907664688446341
2664,FLO,0.09880552030069782
2665,PGV,0.09880552030069782
2666,LYH,0.09880552030069782
2667,PEU,0.09875509499524329
2668,ZAL,0.09867867653099104
2669,UYL,0.09861696347891782
2670,EGN,0.09861696347891782
2671,ELF,0.09861696347891782
2672,KDV,0.09834808885995419
2673,LBS,0.09834808885995419
2674,AXU,0.09824426123427588
2675,GDQ,0.09824426123427588
2676,TIR,0.09821546860852647
2677,IFO,0.09819043287040664
2678,RET,0.09771197805566732
2679,TKD,0.09703796288286429
2680,ORX,0.09660485587653729
2681,CKB,0.09445325526076191
2682,MXV,0.09393368933495047
2683,FBS,0.09337979598709835
2684,RVV,0.09330476132269272
2685,KND,0.09324324003872828
2686,WRY,0.093065739876201
2687,NRL,0.093065739876201
2688,FKI,0.09280479313279645
2689,HUS,0.09279483814430947
2690,WNN,0.09277359445267089
2691,ORU,0.0920529242302623
2692,LKE,0.09172467747564783
2693,BMY,0.09067616196089401
2694,TKX,0.08972650115126934
2695,GPI,0.08957418034750662
2696,AIU,0.0892607036272999
2697,JKG,0.0891940076856648
2698,YVZ,0.08910740951760582
2699,DAV,0.08847052077468776
2700,MIS,0.08645011231438433
2701,AMH,0.08431112989609793
2702,ASO,0.08431112989609789
2703,MGW,0.08419079729186583
2704,GAE,0.08335977597141908
2705,KIF,0.08268142298757555
2706,SCT,0.0822510741534132
2707,KUZ,0.08171089216210269
2708,IOQ,0.08171089216210269
2709,TQI,0.08171089216210269
2710,SGG,0.08171089216210269
2711,TID,0.08150015055295304
2712,MEU,0.08137083544423619
2713,PTU,0.08121520188969933
2714,PKA,0.08121520188969925
2715,WNA,0.08066241835694037
2716,GNU,0.08066241835694037
2717,QFN,0.0806199762853451
2718,OBY,0.08009555794420467
2719,SLQ,0.0795970560341378
2720,QUV,0.07943886806393874
2721,AEY,0.07934686287151106
2722,IFJ,0.07934686287151106
2723,EGS,0.07934686287151106
2724,SHD,0.07886084145315053
2725,LPS,0.07874155850800055
2726,MNT,0.07832184860120545
2727,IRC,0.07832184860120533
2728,XEQ,0.07814432194745163
2729,KBC,0.07798222714555307
2730,RMP,0.07798222714555307
2731,MLY,0.07798222714555307
2732,LMA,0.07798222714555307
2733,HKB,0.07798222714555307
2734,CEM,0.07798222714555307
2735,EOI,0.07623908384242534
2736,YPO,0.07584062182942698
2737,CKD,0.07530534025063142
2738,CHU,0.07497860557271722
2739,GOM,0.07414505872132822
2740,QOQ,0.07383419399808891
2741,BKY,0.07284209054115792
2742,QFG,0.07258132770126395
2743,QJH,0.07258132770126395
2744,EDA,0.07176577135047107
2745,TLJ,0.07144659393572055
2746,TCT,0.07114418407140025
2747,NIB,0.07114418407140025
2748,PET,0.0710153342160249
2749,KPV,0.0709175309225612
2750,KCQ,0.07034498511227023
2751,PTH,0.07034498511227016
2752,WAG,0.07030329358118041
2753,WHK,0.07030329358118041
2754,KAT,0.07030329358118041
2755,KKE,0.07030329358118041
2756,IGG,0.06981775682777651
2757,KCL,0.06981775682777644
2758,EGX,0.06981775682777643
2759,UGB,0.06981775682777637
2760,WSN,0.06932847713239632
2761,KCG,0.06932847713239632
2762,KLL,0.06932847713239632
2763,PIP,0.06932847713239632
2764,YWH,0.0692760741347162
2765,LUR,0.06878266823912348
2766,GRW,0.06826722510976614
2767,ELV,0.06784138745779801
2768,TKE,0.0678413874577979
2769,TNC,0.06752430616224805
2770,AGN,0.06748361624405359
2771,PEC,0.06748361624405359
2772,KAE,0.06748361624405359
2773,EXI,0.06748361624405359
2774,KEW,0.06722517741455396
2775,ITB,0.06717341516845536
2776,HKK,0.06708022047986195
2777,ADK,0.06688847631944445
2778,ILI,0.06688847631944445
2779,KFP,0.0667246460719529
2780,NLG,0.0667246460719529
2781,KVC,0.0667246460719529
2782,PPV,0.06654347981341846
2783,KWF,0.0662654579270006
2784,HYG,0.0662654579270006
2785,KCC,0.0662654579270006
2786,KPB,0.0662654579270006
2787,ASV,0.06519797064357703
2788,LKG,0.06519797064357703
2789,KTL,0.06519797064357703
2790,MYU,0.06455686270483847
2791,GYA,0.06290194601678711
2792,RIB,0.06290194601678711
2793,YGZ,0.06222838439961675
2794,WSZ,0.062208181652081224
2795,TIU,0.062208181652081224
2796,MEI,0.0618878463420701
2797,MSL,0.0618878463420701
2798,PIB,0.0618878463420701
2799,YYU,0.06178730277750631
2800,YUB,0.06143790969938135
2801,YPC,0.06143790969938135
2802,ZFM,0.06143790969938135
2803,GLH,0.060356833507032505
2804,AUY,0.06017261052800484
2805,YOG,0.06007243431826304
2806,FLS,0.0600600801166157
2807,YPL,0.059871894830622975
2808,ORI,0.05945665944874073
2809,OKL,0.05932701034861759
2810,WMX,0.05932701034861759
2811,MCE,0.059304855233997075
2812,LTO,0.059304855233997075
2813,VIS,0.059304855233997075
2814,PRC,0.059304855233997075
2815,CLD,0.059304855233997075
2816,XTG,0.059255347860250836
2817,YLC,0.05920677789968135
2818,WLH,0.059008745213944405
2819,SSR,0.059008745213944405
2820,MWF,0.059008745213944405
2821,NGE,0.05871138031648484
2822,SVC,0.05817169694315382
2823,YNO,0.05814086208090114
2824,YHP,0.05814086208090113
2825,CXF,0.05805947393223199
2826,LCX,0.057913460622471546
2827,RKA,0.057484959450396424
2828,AXR,0.057484959450396424
2829,HOI,0.057484959450396424
2830,VLS,0.05742350436496699
2831,TGH,0.05742350436496699
2832,EAE,0.05742350436496699
2833,KHZ,0.05740835220459871
2834,KKR,0.05740835220459866
2835,KXU,0.057359613574953366
2836,KSO,0.057325483804105244
2837,KZI,0.057325483804105244
2838,TDX,0.05714206382929229
2839,LPT,0.05714206382929229
2840,THS,0.05714206382929229
2841,KGT,0.057009251668473614
2842,DEE,0.056982728989186854
2843,BVV,0.056982728989186854
2844,EKS,0.056982728989186854
2845,YNY,0.05685282695737887
2846,KTT,0.05683431491319429
2847,DIJ,0.05677271398859459
2848,XFW,0.05677271398859459
2849,BZL,0.05659008629841827
2850,SPD,0.05659008629841827
2851,LSY,0.056571521812304244
2852,TMW,0.056571521812304244
2853,MRZ,0.056571521812304244
2854,OAG,0.056571521812304244
2855,AVV,0.056571521812304244
2856,BXB,0.05656289855011038
2857,PDT,0.05649773884616602
2858,GMZ,0.0564955964652478
2859,KNU,0.05641450004510376
2860,LUH,0.05641450004510376
2861,KUU,0.05641450004510376
2862,BPL,0.05640047439165152
2863,MFU,0.05639994809206136
2864,CIP,0.05639994809206136
2865,KAA,0.05639994809206136
2866,TNN,0.05638941106525395
2867,AGX,0.05626199198742676
2868,SHL,0.05625959551593159
2869,SFL,0.05624410344176883
2870,MMO,0.05624410344176883
2871,HDN,0.05618457866037675
2872,EAR,0.05618457866037675
2873,MTJ,0.05618457866037675
2874,BFF,0.05618457866037675
2875,LAR,0.05618457866037675
2876,GUC,0.05618457866037675
2877,PUB,0.05618457866037675
2878,MCK,0.05618457866037675
2879,SHR,0.05618457866037675
2880,CEZ,0.05618457866037675
2881,LBF,0.05618457866037675
2882,RIW,0.05618457866037675
2883,EGE,0.05618457866037675
2884,DOB,0.0561727370593418
2885,PJG,0.05614763870850849
2886,KOZ,0.05612804119456951
2887,OLH,0.05612804119456951
2888,BNB,0.05610291645074846
2889,JGA,0.05609906956699847
2890,GWL,0.05609906956699847
2891,RUS,0.05607402159623611
2892,SCZ,0.05607402159623611
2893,ATD,0.05607402159623611
2894,FRE,0.05607402159623611
2895,JJA,0.05607402159623611
2896,APF,0.056057485023913896
2897,MYQ,0.05603555795786361
2898,IXG,0.05603555795786361
2899,GFN,0.056019574649503565
2900,CED,0.05601917538451681
2901,PUG,0.05601917538451681
2902,OLP,0.05601917538451681
2903,KGC,0.05601917538451681
2904,CPD,0.05601917538451681
2905,WYA,0.05601917538451681
2906,NLD,0.05601114182148351
2907,CTM,0.05601114182148351
2908,PQM,0.05601114182148351
2909,WGP,0.055980255310609656
2910,EAT,0.05596144017216105
2911,YKM,0.05596144017216105
2912,ALW,0.05596144017216105
2913,RES,0.05595870362315295
2914,PSS,0.05595870362315295
2915,FMA,0.05595870362315295
2916,CTC,0.05595870362315295
2917,SDE,0.05595870362315295
2918,CPC,0.05595870362315295
2919,IRJ,0.05595870362315295
2920,RSA,0.05595870362315295
2921,RHD,0.05595870362315295
2922,PMY,0.05595870362315295
2923,VDM,0.05595870362315295
2924,ZBL,0.0559369863676473
2925,BCI,0.0559369863676473
2926,DPO,0.05588377783933298
2927,UTT,0.05583745011856575
2928,RCB,0.05583745011856575
2929,PTG,0.05583745011856575
2930,MSU,0.05583745011856575
2931,ELL,0.05583745011856575
2932,PZB,0.05583745011856575
2933,PHW,0.05583745011856575
2934,MTS,0.05583745011856575
2935,MGH,0.05583745011856575
2936,CYZ,0.055757140753913845
2937,SJI,0.055757140753913845
2938,CYP,0.055757140753913845
2939,MBT,0.055757140753913845
2940,VRC,0.055757140753913845
2941,LEH,0.05574953358236032
2942,RCH,0.05572572678267972
2943,EJA,0.05572572678267972
2944,PPN,0.05572572678267972
2945,IPI,0.05572572678267972
2946,VGZ,0.05572572678267972
2947,MZL,0.05572572678267972
2948,YIE,0.05572462042796846
2949,CMU,0.05569189675067779
2950,BUL,0.05569189675067779
2951,WBM,0.05569189675067779
2952,MDU,0.05569189675067779
2953,MKG,0.05568522044846949
2954,CMX,0.05568522044846949
2955,FOE,0.05568522044846949
2956,PAH,0.05568522044846949
2957,EAU,0.05568522044846949
2958,CIC,0.05567263716165248
2959,MOD,0.05567263716165248
2960,RDD,0.05567263716165248
2961,YJT,0.05563983616068726
2962,RCM,0.05560340761727166
2963,IWK,0.055603179778817194
2964,IWJ,0.055603179778817194
2965,TTJ,0.055603179778817194
2966,SYO,0.055603179778817194
2967,NTQ,0.055603179778817194
2968,MBE,0.055603179778817194
2969,SHM,0.055603179778817194
2970,HAC,0.055603179778817194
2971,ONJ,0.055603179778817194
2972,OIM,0.055603179778817194
2973,IZO,0.055603179778817194
2974,ILD,0.05557684749324517
2975,OST,0.05557684749324517
2976,RCY,0.055570458034646365
2977,CKZ,0.05552126557190495
2978,TEQ,0.05552126557190495
2979,KCO,0.05552126557190495
2980,MCV,0.05552096094960799
2981,LEN,0.05549890989553255
2982,SLM,0.05549890989553255
2983,RGS,0.05549890989553255
2984,TGP,0.05548046366872712
2985,IAA,0.05548046366872712
2986,THX,0.05548046366872712
2987,JIM,0.05544985069122709
2988,BJR,0.05544985069122709
2989,GMB,0.05544985069122709
2990,UEO,0.05544853837967322
2991,OLL,0.05541902092113579
2992,TTT,0.05532549376151123
2993,AXK,0.0553245017998924
2994,CZE,0.05529410252788489
2995,LFR,0.05529410252788489
2996,SOM,0.05529410252788489
2997,CBS,0.05529410252788489
2998,SVZ,0.05529410252788489
2999,CUM,0.05529410252788489
3000,PYH,0.05529410252788489
3001,XGR,0.055243797468666596
3002,SCK,0.05520462975603152
3003,TUI,0.05517953053058301
3004,RAH,0.05517953053058301
3005,ELC,0.05517176770355227
3006,MGT,0.05517176770355227
3007,GCN,0.055158044533517
3008,KYP,0.05514820546313543
3009,MJU,0.05513698152393782
3010,PSJ,0.05513698152393782
3011,PUM,0.05513698152393782
3012,BUW,0.05513698152393782
3013,MUE,0.05507294937477621
3014,HNM,0.05507294937477621
3015,HJR,0.05501222868005115
3016,DIW,0.05496589418567319
3017,HID,0.05496456550905292
3018,ABM,0.05496456550905292
3019,GPB,0.05494210321582097
3020,KDU,0.05491859025746529
3021,GIL,0.05491859025746529
3022,LLB,0.054917939372443464
3023,UYU,0.0548768907210297
3024,WJU,0.05485892230344012
3025,AOE,0.054833114129903236
3026,YGK,0.054832773023652304
3027,YZR,0.054832773023652304
3028,VKG,0.05482937023314753
3029,THD,0.05482937023314753
3030,CAH,0.05482937023314753
3031,PPG,0.054818408012954574
3032,GAF,0.054809655876144336
3033,OGL,0.054798400397068237
3034,CCK,0.0547509777140609
3035,ZOS,0.05471390216785449
3036,KGP,0.0547067008512059
3037,TGC,0.054649657495923334
3038,SHC,0.054648623565481724
3039,BKZ,0.05464481986140448
3040,UIP,0.05463595202312912
3041,AUR,0.05463595202312912
3042,LPY,0.05463595202312912
3043,LAI,0.05463595202312912
3044,BTC,0.054635722654043935
3045,TRR,0.054635722654043935
3046,FUT,0.05462731906996492
3047,RRS,0.0546125522469413
3048,OLA,0.0546125522469413
3049,VDB,0.0546125522469413
3050,BDU,0.0546125522469413
3051,LUD,0.054602136981561245
3052,MHG,0.05459962587703071
3053,YSG,0.05459270649912452
3054,YRA,0.05459270649912452
3055,YLE,0.05459270649912452
3056,YFJ,0.05459270649912452
3057,RUT,0.0545646084457811
3058,AUG,0.0545646084457811
3059,RKD,0.0545646084457811
3060,BHB,0.0545646084457811
3061,PVC,0.0545646084457811
3062,SLK,0.0545646084457811
3063,MNA,0.05454679885755349
3064,KAZ,0.05454679885755349
3065,NAH,0.05454679885755349
3066,KUO,0.05453064066047618
3067,KAO,0.05453064066047618
3068,IVL,0.05453064066047618
3069,JOE,0.05453064066047618
3070,KAW,0.05450547865523665
3071,AFZ,0.05450263421587633
3072,DEF,0.05450263421587633
3073,IIL,0.05450263421587633
3074,SDG,0.05450263421587633
3075,BXR,0.05450263421587633
3076,GCH,0.05450263421587633
3077,KHD,0.05450263421587633
3078,YES,0.05450263421587633
3079,BJB,0.05450263421587633
3080,KHY,0.05450263421587633
3081,PFQ,0.05450263421587633
3082,BWK,0.05450088349950167
3083,YYF,0.054480000809734766
3084,YPW,0.054480000809734766
3085,YZP,0.054480000809734766
3086,YZZ,0.054480000809734766
3087,QBC,0.054480000809734766
3088,ZMT,0.054480000809734766
3089,NOP,0.05447828005557968
3090,CND,0.05447828005557968
3091,KZR,0.05447828005557968
3092,NAJ,0.05447828005557968
3093,KFS,0.05447828005557968
3094,ISE,0.05447828005557968
3095,LMC,0.05447819087020084
3096,DIN,0.05445775435048149
3097,TCR,0.05445374453997844
3098,UST,0.05444206083435544
3099,PNA,0.054421954332328965
3100,RJL,0.054421954332328965
3101,OMD,0.05438505574197414
3102,LXG,0.05434509015835298
3103,HOE,0.05434509015835298
3104,XKH,0.05434509015835298
3105,ODY,0.05434509015835298
3106,JAU,0.05433378945456938
3107,ANS,0.05433378945456938
3108,TGI,0.05433378945456938
3109,ATA,0.05433378945456938
3110,CIX,0.05433378945456938
3111,TRU,0.05433378945456938
3112,TBP,0.05433378945456938
3113,SNO,0.05433256885837278
3114,MAQ,0.05433256885837278
3115,ROI,0.05433256885837278
3116,BFV,0.05433256885837278
3117,LOE,0.05433256885837278
3118,PRH,0.05433256885837278
3119,CJM,0.05433256885837278
3120,NAW,0.05433256885837278
3121,UNN,0.05433256885837278
3122,NTX,0.054294837971180336
3123,TTQ,0.0542909313593912
3124,NOB,0.0542909313593912
3125,MAZ,0.05428777530081535
3126,CPX,0.05428777530081535
3127,KHS,0.05427839146595725
3128,TQL,0.05426786570811408
3129,XMS,0.054256432221762796
3130,TUA,0.054256432221762796
3131,MEC,0.054256432221762796
3132,ETR,0.054256432221762796
3133,LGQ,0.054256432221762796
3134,LDU,0.05421774340780466
3135,ROO,0.05421098644493388
3136,OAL,0.05421098644493388
3137,BVH,0.05421098644493388
3138,AFL,0.05421098644493388
3139,MNS,0.05420801767767438
3140,SDY,0.054201033237282155
3141,GGW,0.054201033237282155
3142,HVR,0.054201033237282155
3143,OLF,0.054201033237282155
3144,GDV,0.054201033237282155
3145,RRG,0.054185881976811165
3146,RGK,0.05412976133721112
3147,TGK,0.05412976133721112
3148,GRV,0.05412976133721112
3149,KVK,0.05412976133721112
3150,OGZ,0.05412976133721112
3151,ESL,0.05412976133721112
3152,PEZ,0.05412976133721112
3153,GBB,0.05412976133721112
3154,OSW,0.05412976133721112
3155,PES,0.05412976133721112
3156,LWN,0.05412976133721112
3157,POG,0.05412938537799698
3158,EDO,0.05412201319713676
3159,ESC,0.05409520537307958
3160,CIU,0.05409520537307958
3161,PLN,0.05409520537307958
3162,TNW,0.05408897628204462
3163,IAR,0.05407512050736896
3164,OER,0.054071546290204636
3165,KID,0.054071546290204636
3166,LAZ,0.05406011812542598
3167,PAV,0.05406011812542598
3168,LEC,0.05406011812542598
3169,CAJ,0.05405623447869385
3170,SNV,0.05405623447869385
3171,KRP,0.05401117559787239
3172,SGD,0.05401117559787239
3173,RNN,0.05401117559787239
3174,YBR,0.05399011899032607
3175,YXH,0.05399011899032607
3176,YQL,0.05399011899032607
3177,YLL,0.05399011899032607
3178,GNM,0.05396870941414787
3179,BDP,0.0539447065720243
3180,TMI,0.0539447065720243
3181,PKR,0.0539447065720243
3182,KEP,0.0539447065720243
3183,BHR,0.0539447065720243
3184,DHI,0.0539447065720243
3185,BWA,0.0539447065720243
3186,BIR,0.0539447065720243
3187,JKR,0.0539447065720243
3188,LPD,0.05392832970439597
3189,TCD,0.05392832970439597
3190,YKT,0.05390012188265644
3191,TEB,0.053825169245115934
3192,BSC,0.05380413078417644
3193,NQU,0.05380413078417644
3194,KME,0.053802072158236895
3195,LTD,0.05378356434037403
3196,GHT,0.05378356434037403
3197,QUB,0.05378356434037403
3198,OGD,0.05375868670866719
3199,CMG,0.05372186647925043
3200,VPY,0.0536942351863351
3201,LMN,0.053660545619825584
3202,SUK,0.05362254238900028
3203,KYZ,0.0536173032008468
3204,KCK,0.0536173032008468
3205,BKM,0.05360770885190055
3206,SXI,0.05360770271194903
3207,ZIG,0.05357726736548362
3208,PRI,0.05356588521605239
3209,AHN,0.05355881238958482
3210,TEE,0.053548998844834134
3211,EBH,0.053548998844834134
3212,MZW,0.053548998844834134
3213,ELU,0.053548998844834134
3214,DJG,0.053548998844834134
3215,TGR,0.053548998844834134
3216,MUW,0.053548998844834134
3217,MGS,0.05353197349404721
3218,MUK,0.05353197349404721
3219,MOI,0.05353197349404721
3220,VIN,0.05350669099004473
3221,PYY,0.053493716923500696
3222,HGN,0.053493716923500696
3223,VUS,0.05349146530830477
3224,TTA,0.053469193721197884
3225,SZI,0.05339015031971837
3226,CBH,0.05336036003564222
3227,GMO,0.053352909821494925
3228,SKO,0.053352909821494925
3229,ILR,0.053352909821494925
3230,IBA,0.053352909821494925
3231,YOL,0.053352909821494925
3232,TTU,0.053340923144826184
3233,CSH,0.053335125363209016
3234,GLO,0.053333483748884386
3235,FJR,0.05327587422725412
3236,ZDY,0.05327587422725412
3237,SLX,0.053255618175355714
3238,AQA,0.053254995074631675
3239,BYO,0.053254995074631675
3240,RVD,0.053254995074631675
3241,OMO,0.05321500421046872
3242,ARW,0.05321500421046872
3243,LBP,0.053188624017446236
3244,GVR,0.053168957327214335
3245,AAX,0.053168957327214335
3246,VCT,0.053164106538076385
3247,HOB,0.053164106538076385
3248,AHU,0.05316399702146487
3249,MVR,0.053146755662309884
3250,UTS,0.05314242144750868
3251,GDE,0.05311845599194709
3252,CZS,0.053099374061504716
3253,EUX,0.05309797546332246
3254,GDZ,0.053092729653298025
3255,TVF,0.05309053276814574
3256,URE,0.053045317512867805
3257,NGK,0.05297460826291586
3258,MCM,0.052971490731175803
3259,LAM,0.05292483680369986
3260,CNM,0.05292483680369986
3261,JOL,0.05287797047896158
3262,SRA,0.05286258879127471
3263,UDJ,0.052850562951655924
3264,SSY,0.05283504193452336
3265,LUO,0.05283504193452336
3266,MSZ,0.05283504193452336
3267,TBW,0.05283232526381753
3268,PWE,0.05283232526381753
3269,URS,0.05283232526381753
3270,THN,0.052828481597616855
3271,ABS,0.05277933112083807
3272,PKB,0.05275997158028575
3273,ANG,0.05275019743709219
3274,NYI,0.052698497536603904
3275,IAO,0.0526486246330184
3276,CGM,0.0526486246330184
3277,URG,0.05262592436355664
3278,SXK,0.05261580200770392
3279,SKE,0.05260921640117117
3280,QUO,0.052500622809023706
3281,JOS,0.052500622809023706
3282,KAD,0.052500622809023706
3283,TWF,0.05248021560037685
3284,BTM,0.05248021560037685
3285,CNY,0.05248021560037685
3286,PIH,0.05248021560037685
3287,CDC,0.05248021560037685
3288,VEL,0.05248021560037685
3289,EKO,0.05248021560037685
3290,PVA,0.05235290917202995
3291,BJI,0.0522070118510338
3292,HIB,0.0522070118510338
3293,ABR,0.0522070118510338
3294,DND,0.052155549161232585
3295,BRQ,0.052155549161232585
3296,LQM,0.05212102717959853
3297,RTA,0.05208526863704044
3298,KSE,0.05193530652958785
3299,RUA,0.05193530652958785
3300,PAF,0.05193530652958785
3301,PSM,0.05193376979165558
3302,BLV,0.05193376979165558
3303,PBU,0.05193025013637748
3304,MBL,0.05189813260710005
3305,HDM,0.051882052668520404
3306,ACZ,0.051882052668520404
3307,SJL,0.0518224684947147
3308,ERN,0.0518224684947147
3309,OLC,0.0518224684947147
3310,IRZ,0.0518224684947147
3311,KOS,0.051786849887632415
3312,BKW,0.05174665629198354
3313,LNS,0.05174665629198354
3314,VLY,0.05156265755895787
3315,LEQ,0.05147133665469872
3316,PBZ,0.05133850503360078
3317,ILY,0.05119841449028762
3318,TRE,0.05119841449028762
3319,BRR,0.05119841449028762
3320,CAL,0.05119841449028762
3321,CFK,0.05118001008513197
3322,AGB,0.05118001008513197
3323,EJH,0.05101426765593471
3324,IRK,0.050942899326385
3325,CGI,0.050942899326385
3326,TBN,0.050942899326385
3327,JBR,0.050942899326385
3328,MWA,0.050942899326385
3329,UIN,0.050942899326385
3330,SLN,0.05083383435697579
3331,ARK,0.05069536398457854
3332,MYW,0.05069536398457854
3333,MBI,0.05069536398457854
3334,MSS,0.05046847570016962
3335,OGS,0.05046847570016962
3336,DLZ,0.05017259499644974
3337,ULO,0.05017259499644974
3338,HVD,0.05017259499644974
3339,ULZ,0.05017259499644974
3340,ULG,0.05017259499644974
3341,GAO,0.05017059376495694
3342,LTI,0.05011926974678872
3343,FVM,0.04962907585922098
3344,MHC,0.04960034674020002
3345,BAZ,0.04956108459231189
3346,TBT,0.04956108459231189
3347,CIZ,0.04956108459231189
3348,PIN,0.04956108459231189
3349,NVK,0.04954974484468174
3350,QFX,0.04913749060048972
3351,TCO,0.04836698727368639
3352,BSS,0.048329355112931
3353,SYQ,0.04827322400436236
3354,MPN,0.0468913371295754
3355,LSA,0.04635434475431904
3356,ICI,0.046262820222913725
3357,FUN,0.046262820222913725
3358,VBV,0.046262820222913725
3359,LKB,0.046262820222913725
3360,DBA,0.04543393416796251
3361,GJA,0.04542085314089918
3362,UII,0.04542085314089918
3363,BVS,0.04485559925720823
3364,WMR,0.04471855471145694
3365,KET,0.044571075351932825
3366,BMW,0.04391744115221406
3367,OIA,0.04131224562966398
3368,SRV,0.041171646570875964
3369,CMP,0.04007862649153703
3370,CDJ,0.03942890435865231
3371,RDV,0.03909979265143964
3372,CXH,0.03893520211004758
3373,RDC,0.03876794123512116
3374,TUR,0.03876794123512116
3375,FMI,0.037828866022476766
3376,KOO,0.03714032358797988
3377,TMT,0.03651523618702815
3378,MTE,0.03651523618702815
3379,NKI,0.03590466131990213
3380,CZJ,0.03561263085664285
3381,JQE,0.035612630856642846
3382,GHE,0.035612630856642825
3383,MPP,0.03561263085664282
3384,SIC,0.0356126308566428
3385,ACU,0.0356126308566428
3386,BNC,0.03458112757216724
3387,WWP,0.03454389210398068
3388,SAX,0.034179589415296543
3389,PUE,0.034179589415296543
3390,PYC,0.034179589415296543
3391,OGM,0.034179589415296543
3392,OTD,0.034179589415296543
3393,CHX,0.034179589415296543
3394,PVE,0.034179589415296543
3395,BFQ,0.034179589415296543
3396,KPR,0.032713765120133236
3397,SUR,0.032522908501228215
3398,KYK,0.0313287963715374
3399,SYB,0.031328796371537376
3400,KZB,0.031328796371537376
3401,TKP,0.031098238716316815
3402,MKP,0.0299763282995707
3403,GMR,0.0299763282995707
3404,AKK,0.02987509723102773
3405,KLN,0.02987509723102773
3406,AOS,0.02987509723102773
3407,KKB,0.02987509723102773
3408,RJH,0.029400594346788995
3409,YAA,0.028420773061773066
3410,CSK,0.02796828248113607
3411,RIG,0.021124163435362477
3412,BUX,0.018975219319969837
3413,IRP,0.008555952909789093
3414,MQH,0.007257790362125295
3415,GRP,0.0049614445956421335
3416,MEB,0.002544304394542777
3417,SXO,0.002544304394542777
3418,STZ,0.0
3419,LJA,0.0
3420,IUE,0.0
3421,VDA,0.0
3422,PTJ,0.0
3423,MSW,0.0
3424,SXX,0.0
